design_id,n_stage1_per_form,n_stage2_per_order,total_response_burden,total_participants,repeated_measurement_participants,scenario_id,phase,true_change_logit,R,valid_n,ab_count,ba_count,false_reliable_change_rate,false_reliable_change_ci_low,false_reliable_change_ci_high,false_increase_rate,false_decrease_rate,indeterminate_rate,indeterminate_ci_low,indeterminate_ci_high,se_signed_rel_bias,se_signed_rel_bias_ci_low,se_signed_rel_bias_ci_high,se_abs_rel_error,se_abs_rel_error_ci_low,se_abs_rel_error_ci_high,form_bias_norm,form_bias_norm_ci_low,form_bias_norm_ci_high,practice_bias_norm,practice_bias_norm_ci_low,practice_bias_norm_ci_high
GBM01-N1-050-N2-025,50,25,3600,150,50,S01,screen,0.0,3000,2968,1500,1500,0.059666666666666666,0.04946888558965727,0.07180786038746095,0.03133333333333333,0.028333333333333332,0.010666666666666666,0.00680144026857975,0.01669156737291122,-0.009143712542766884,-0.01616603811457187,-0.002121386970961898,0.11811901281621401,0.11384117405034125,0.12239685158208677,-0.004025517951639629,-0.009707759680689258,0.0016567237774099998,0.0009673841359943145,-0.0055610949683667955,0.007495863240355425
GBM01-N1-050-N2-025,50,25,3600,150,50,S02,screen,0.0,3000,2964,1500,1500,0.06333333333333334,0.05281487668315638,0.07577901978166185,0.037333333333333336,0.026,0.012,0.007849758859317126,0.018304030777701114,-0.010421380069368436,-0.017395596700330418,-0.003447163438406453,0.11955098909678419,0.11544263745547931,0.12365934073808907,-0.0002048579204013889,-0.00598434538339179,0.005574629542589012,-0.0017088652029398842,-0.008252823464878734,0.004835093058998965
GBM01-N1-050-N2-025,50,25,3600,150,50,S03,screen,0.0,3000,2974,1500,1500,0.06933333333333333,0.05831305357997481,0.08225436186471614,0.033,0.036333333333333336,0.008666666666666666,0.005263710049998545,0.014238124598201514,-0.014856911862470509,-0.021759287824458056,-0.007954535900482961,0.11732942226693031,0.11315651688068895,0.12150232765317168,-0.0031878554282480463,-0.009042928987337353,0.0026672181308412604,0.0016060509001570324,-0.005026179097783286,0.00823828089809735
GBM01-N1-050-N2-025,50,25,3600,150,50,S04,screen,0.0,3000,2951,1500,1500,0.066,0.05525515582811704,0.07866030462775572,0.036333333333333336,0.029666666666666668,0.01633333333333333,0.011351360104831173,0.023449971017650697,-0.010762256881258078,-0.018501594398184433,-0.0030229193643317243,0.13110804632004078,0.12647155497255733,0.13574453766752423,-0.002872077549933709,-0.008471007803454871,0.0027268527035874536,-0.0039971391963878255,-0.010630261282245031,0.0026359828894693803
GBM01-N1-050-N2-025,50,25,3600,150,50,S05,screen,0.0,3000,2956,1500,1500,0.06533333333333333,0.05464456867074268,0.07794050078736646,0.035,0.030333333333333334,0.014666666666666666,0.009989802668128874,0.02148555095994391,-0.012336227842236838,-0.019332824333077283,-0.005339631351396392,0.11974947286674295,0.11561468986565256,0.12388425586783335,0.0018185269877570925,-0.003866808959845953,0.0075038629353601375,0.0007710680887648786,-0.005782467725789389,0.007324603903319147
GBM01-N1-050-N2-025,50,25,3600,150,50,S06,screen,0.0,3000,2968,1500,1500,0.06466666666666666,0.054034323152400435,0.07722035530794506,0.033,0.03166666666666667,0.010666666666666666,0.00680144026857975,0.01669156737291122,-0.007626908224601749,-0.014817909112542556,-0.0004359073366609423,0.12255200964081613,0.11827946516745029,0.12682455411418198,0.0010300592176769004,-0.0045523106794621215,0.006612429114815923,-0.00203731920183072,-0.008774259594761757,0.004699621191100317
GBM01-N1-050-N2-025,50,25,3600,150,50,S07,screen,0.0,3000,2957,1500,1500,0.06766666666666667,0.05678308743718284,0.08045835051309903,0.03766666666666667,0.03,0.014333333333333333,0.00971953762913326,0.021090620500057708,-0.008638394587840903,-0.015737138467300987,-0.0015396507083808176,0.11942739490691107,0.11512090836123412,0.12373388145258801,0.00012466802905873852,-0.005412513727374667,0.0056618497854921445,-0.0031222822947777258,-0.009810462798723966,0.003565898209168514
GBM01-N1-050-N2-025,50,25,3600,150,50,S08,screen,0.0,3000,2967,1500,1500,0.063,0.05251023636990424,0.07541846459603219,0.030666666666666665,0.03233333333333333,0.011,0.007061959784684468,0.017096243355688316,-0.010221597825432825,-0.017433978490466615,-0.003009217160399035,0.12233466501068445,0.11800177239856564,0.12666755762280324,-0.00035452089142116116,-0.005768852397049633,0.0050598106142073105,0.00017261066946367903,-0.006353553158062243,0.006698774496989601
GBM01-N1-050-N2-025,50,25,3600,150,50,S09,screen,0.0,3000,2943,1500,1500,0.06666666666666667,0.05586607986397509,0.07937977158966131,0.03833333333333333,0.028333333333333332,0.019,0.013560807939895364,0.026562087173641058,-0.012982174763064194,-0.02036450725269642,-0.005599842273431968,0.12506450729565283,0.12063680786362627,0.1294922067276794,-0.034212688525827525,-0.03988405753369611,-0.028541319517958942,0.0029618509277413844,-0.003750334521525785,0.009674036377008553
GBM01-N1-050-N2-040,50,40,4680,180,80,S01,screen,0.0,3000,2973,1500,1500,0.057666666666666665,0.047648679288635046,0.06963689369519227,0.030666666666666665,0.027,0.009,0.0055166755619983614,0.014650354585083519,-0.004717895656984263,-0.010305138943189955,0.0008693476292214296,0.0943418321030443,0.09096586446141253,0.09771779974467606,-0.00043169027569965867,-0.005249222603025332,0.004385842051626015,0.0005786087561740454,-0.004766368648550794,0.005923586160898885
GBM01-N1-050-N2-040,50,40,4680,180,80,S02,screen,0.0,3000,2973,1500,1500,0.06233333333333333,0.05190122586079068,0.07469708410738211,0.03233333333333333,0.03,0.009,0.0055166755619983614,0.014650354585083519,-0.009513310500356193,-0.015093553993107765,-0.003933067007604619,0.09399566624941456,0.09058731045128324,0.09740402204754589,0.001422499209213391,-0.003510080843975533,0.006355079262402316,-0.0012533507328382303,-0.006574352622748981,0.00406765115707252
GBM01-N1-050-N2-040,50,40,4680,180,80,S03,screen,0.0,3000,2960,1500,1500,0.05466666666666667,0.04492528526158589,0.06637352823230508,0.025,0.029666666666666668,0.013333333333333334,0.008913251030863281,0.01990132060168224,-0.00605298634702376,-0.011284583245266072,-0.0008213894487814491,0.08800390729697266,0.08482805659089847,0.09117975800304685,-0.003437561067788156,-0.008239145855835692,0.0013640237202593793,-0.0009853578737035727,-0.006266250123402251,0.004295534375995105
GBM01-N1-050-N2-040,50,40,4680,180,80,S04,screen,0.0,3000,2978,1500,1500,0.06633333333333333,0.05556057602916772,0.07902007992558686,0.033,0.03333333333333333,0.007333333333333333,0.004267676697941736,0.012573375954731052,-0.006321962817920595,-0.012513410671909756,-0.00013051496393143552,0.1047670333035672,0.10103067285403888,0.1085033937530955,-9.3891154970531e-05,-0.004781355631084532,0.00459357332114347,-0.0005685461933943616,-0.005779815939794786,0.0046427235530060625
GBM01-N1-050-N2-040,50,40,4680,180,80,S05,screen,0.0,3000,2966,1500,1500,0.06266666666666666,0.05220568587476399,0.0750578195922906,0.03233333333333333,0.030333333333333334,0.011333333333333334,0.007323548324461517,0.01749985031479309,-0.004587391071233495,-0.010179161824236543,0.001004379681769552,0.09538930374123988,0.0920796910742353,0.09869891640824446,0.001581551701798247,-0.0032404078485334135,0.006403511252129907,-0.0013568768403048688,-0.00658918281805848,0.003875429137448742
GBM01-N1-050-N2-040,50,40,4680,180,80,S06,screen,0.0,3000,2962,1500,1500,0.058,0.04795179775338438,0.06999897072932477,0.029666666666666668,0.028333333333333332,0.012666666666666666,0.008379752870551895,0.01910442776422998,-0.007963006675014758,-0.01362636959939574,-0.0022996437506337735,0.09553699734073418,0.09210718434950335,0.098966810331965,0.001835147792241975,-0.0028376208731681766,0.006507916457652126,-0.003975667461258616,-0.00928305886424452,0.0013317239417272872
GBM01-N1-050-N2-040,50,40,4680,180,80,S07,screen,0.0,3000,2962,1500,1500,0.05466666666666667,0.04492528526158589,0.06637352823230508,0.027666666666666666,0.027,0.012666666666666666,0.008379752870551895,0.01910442776422998,-0.006756878198104113,-0.012325708875753417,-0.0011880475204548088,0.09391793040776783,0.09054904901445882,0.09728681180107684,0.00410194275221384,-0.0006294447730582076,0.008833330277485887,-4.3092923113224126e-05,-0.0052484835343700464,0.005162297688143597
GBM01-N1-050-N2-040,50,40,4680,180,80,S08,screen,0.0,3000,2973,1500,1500,0.06266666666666666,0.05220568587476399,0.0750578195922906,0.03333333333333333,0.029333333333333333,0.009,0.0055166755619983614,0.014650354585083519,-0.003540164541013575,-0.009211268478013655,0.0021309393959865054,0.09544851978090041,0.092006039180378,0.09889100038142282,-0.0013977439678684173,-0.005983286929840493,0.0031877989941036583,0.002482525316968466,-0.0027372733268110866,0.007702323960748018
GBM01-N1-050-N2-040,50,40,4680,180,80,S09,screen,0.0,3000,2953,1500,1500,0.05466666666666667,0.04492528526158589,0.06637352823230508,0.03166666666666667,0.023,0.015666666666666666,0.010804774596974891,0.02266616552774335,-0.006928316888780294,-0.012535242772532306,-0.0013213910050282815,0.09493048830896315,0.0915703326024184,0.09829064401550791,-0.020783372226497322,-0.02540529502829978,-0.016161449424694864,0.00300365161376232,-0.0022774776445446104,0.00828478087206925
GBM01-N1-050-N2-050,50,50,5400,200,100,S01,screen,0.0,3000,2961,1500,1500,0.05266666666666667,0.043114575095298605,0.06419306540530144,0.02666666666666667,0.026,0.013,0.008646080030504492,0.019503296103159207,-0.003925630121497914,-0.008877027872453912,0.0010257676294580832,0.08352990172961954,0.08054472906250873,0.08651507439673034,0.0017541685601799358,-0.002571249582983815,0.006079586703343687,7.729528518961885e-05,-0.004636179013093992,0.00479076958347323
GBM01-N1-050-N2-050,50,50,5400,200,100,S02,screen,0.0,3000,2966,1500,1500,0.05266666666666667,0.043114575095298605,0.06419306540530144,0.026333333333333334,0.026333333333333334,0.011333333333333334,0.007323548324461517,0.01749985031479309,-0.004939398674977369,-0.009942556515027848,6.375916507310887e-05,0.08429125278825232,0.08126024420555261,0.08732226137095203,0.0005179062009043471,-0.0037708373541369255,0.00480664975594562,-0.0028708481019060752,-0.007504027924598372,0.0017623317207862213
GBM01-N1-050-N2-050,50,50,5400,200,100,S03,screen,0.0,3000,2973,1500,1500,0.05366666666666667,0.04401942478148128,0.06528380221576421,0.027,0.02666666666666667,0.009,0.0055166755619983614,0.014650354585083519,-0.006500121482422459,-0.011284259091390733,-0.001715983873454184,0.08081902089735578,0.07792066766884058,0.08371737412587098,-0.00044914833127229043,-0.00492102083205769,0.0040227241695131085,0.0011228862110920588,-0.0036777070080471945,0.005923479430231312
GBM01-N1-050-N2-050,50,50,5400,200,100,S04,screen,0.0,3000,2972,1500,1500,0.061,0.05068430418606185,0.07325322378658364,0.031,0.03,0.009333333333333334,0.00577105869837476,0.015061166947588942,-0.008347812597352627,-0.013797342191877164,-0.00289828300282809,0.09242507078843071,0.0891423961948144,0.09570774538204702,0.0003885646728394462,-0.0038595766169589826,0.004636705962637875,-0.003051272967494602,-0.00780365759037456,0.0017011116553853566
GBM01-N1-050-N2-050,50,50,5400,200,100,S05,screen,0.0,3000,2963,1500,1500,0.063,0.05251023636990424,0.07541846459603219,0.034333333333333334,0.028666666666666667,0.012333333333333333,0.008114301233505893,0.01870468390239417,-0.001887606831632434,-0.0068567592694919344,0.0030815456062270666,0.08444490292179344,0.0814907350173767,0.08739907082621017,-0.0008144088932195794,-0.0052448755110489215,0.003616057724609762,0.000127689941127506,-0.004656960015650189,0.0049123398979052015
GBM01-N1-050-N2-050,50,50,5400,200,100,S06,screen,0.0,3000,2965,1500,1500,0.056,0.04613462719335834,0.06782496829605988,0.028,0.028,0.011666666666666667,0.007586161737740677,0.017902432400395754,-0.005479854754572873,-0.010446872674289237,-0.0005128368348565095,0.08394253154008219,0.08094832440894538,0.086936738671219,0.002833229036200833,-0.0014729486300693695,0.007139406702471035,-0.002125491168661904,-0.0068840219434476106,0.0026330396061238024
GBM01-N1-050-N2-050,50,50,5400,200,100,S07,screen,0.0,3000,2969,1500,1500,0.055,0.04522745888733454,0.06673655010543823,0.028333333333333332,0.02666666666666667,0.010333333333333333,0.006542037223830099,0.01628577491877905,-0.01055751609817042,-0.015484639824139054,-0.005630392372201784,0.0836467782317394,0.0806660792490207,0.0866274772144581,-0.001267817476893892,-0.0056813976847945695,0.003145762731006785,-0.0003803932782976093,-0.00498831636552691,0.004227529808931691
GBM01-N1-050-N2-050,50,50,5400,200,100,S08,screen,0.0,3000,2963,1500,1500,0.058666666666666666,0.04855833615612269,0.07072282332435008,0.03133333333333333,0.027333333333333334,0.012333333333333333,0.008114301233505893,0.01870468390239417,-0.006751808333531205,-0.011779301677099778,-0.0017243149899626312,0.08487133243611043,0.08183114766876365,0.08791151720345722,0.003228878235042146,-0.0009832160757714107,0.007440972545855703,0.0012384193117625202,-0.0034380420562848558,0.005914880679809897
GBM01-N1-050-N2-050,50,50,5400,200,100,S09,screen,0.0,3000,2949,1500,1500,0.063,0.05251023636990424,0.07541846459603219,0.03166666666666667,0.03133333333333333,0.017,0.011900385646304967,0.024231336473940546,-0.0011328255205969604,-0.006205434002380072,0.003939782961186152,0.08580004597974,0.08277253856210884,0.08882755339737117,-0.0172539480945814,-0.02153910904558634,-0.01296878714357646,0.0012666867673838279,-0.003510881572320764,0.00604425510708842
GBM01-N1-050-N2-075,50,75,7200,250,150,S01,screen,0.0,3000,2979,1500,1500,0.058,0.04795179775338438,0.06999897072932477,0.028,0.03,0.007,0.0040231137598159905,0.012152743393974982,-0.004070692039276784,-0.008049371400715717,-9.201267783785164e-05,0.06793929762955385,0.06557644835759409,0.07030214690151361,0.0003792062347468455,-0.003246014603095477,0.004004427072589168,0.0001376753509295761,-0.003690667921049709,0.003966018622908862
GBM01-N1-050-N2-075,50,75,7200,250,150,S02,screen,0.0,3000,2971,1500,1500,0.061,0.05068430418606185,0.07325322378658364,0.028666666666666667,0.03233333333333333,0.009666666666666667,0.006026789013377336,0.015470632131468182,-0.0017866181976609592,-0.005886715176949764,0.0023134787816278457,0.06904384875301446,0.06656020960166042,0.0715274879043685,-0.0004102378120398759,-0.004031170374518391,0.0032106947504386392,-0.0002895295629529589,-0.004095998141084119,0.0035169390151782018
GBM01-N1-050-N2-075,50,75,7200,250,150,S03,screen,0.0,3000,2973,1500,1500,0.05633333333333333,0.04643722944098404,0.068187561547316,0.03166666666666667,0.024666666666666667,0.009,0.0055166755619983614,0.014650354585083519,-0.003428692875198645,-0.007354420415153077,0.0004970346647557872,0.06622722850145411,0.06385112411129434,0.06860333289161388,-0.001057630840556667,-0.004560721435860234,0.0024454597547469,0.0004362033894998013,-0.0033929805160048776,0.00426538729500448
GBM01-N1-050-N2-075,50,75,7200,250,150,S04,screen,0.0,3000,2957,1500,1500,0.06833333333333333,0.05739483359729579,0.0811769953507497,0.039,0.029333333333333333,0.014333333333333333,0.00971953762913326,0.021090620500057708,-0.007729440373075354,-0.012169284368052537,-0.0032895963780981714,0.07552900864663417,0.07287533744924353,0.07818267984402481,-9.558411028438445e-05,-0.0037216114243208325,0.0035304432037520633,-0.0008405508809293763,-0.004570949930744461,0.002889848168885709
GBM01-N1-050-N2-075,50,75,7200,250,150,S05,screen,0.0,3000,2971,1500,1500,0.05433333333333333,0.04462322107290078,0.06601039692210836,0.02666666666666667,0.027666666666666666,0.009666666666666667,0.006026789013377336,0.015470632131468182,0.0004880724396927609,-0.003612145282310355,0.004588290161695877,0.06888789956450496,0.06639573015137969,0.07138006897763023,0.0007280397913493452,-0.002901850316548251,0.004357929899246941,-0.002166152060740938,-0.005895022349685387,0.001562718228203511
GBM01-N1-050-N2-075,50,75,7200,250,150,S06,screen,0.0,3000,2964,1500,1500,0.05333333333333334,0.04371769460207437,0.06492033689628932,0.026333333333333334,0.027,0.012,0.007849758859317126,0.018304030777701114,-0.0037095761710451273,-0.007960341094215635,0.0005411887521253804,0.07209481704493165,0.06955297665176817,0.07463665743809512,0.002522755462016103,-0.0011220847736968017,0.006167595697729008,-0.0013851672653450448,-0.005254852141128378,0.0024845176104382888
GBM01-N1-050-N2-075,50,75,7200,250,150,S07,screen,0.0,3000,2970,1500,1500,0.05433333333333333,0.04462322107290078,0.06601039692210836,0.03,0.024333333333333332,0.01,0.006283801751578197,0.015878814892149137,-0.0037907571544516937,-0.007997970450129389,0.0004164561412260009,0.07102113245230444,0.06847932130456998,0.07356294360003891,0.002811954215108779,-0.0007854625458533901,0.006409370976070948,-0.0006199931988476568,-0.00434140768109431,0.003101421283398996
GBM01-N1-050-N2-075,50,75,7200,250,150,S08,screen,0.0,3000,2961,1500,1500,0.056,0.04613462719335834,0.06782496829605988,0.027,0.029,0.013,0.008646080030504492,0.019503296103159207,-0.0047460716991232195,-0.008993459301042723,-0.0004986840972037165,0.07139896632389856,0.06881750392001847,0.07398042872777864,0.0020853061187279635,-0.0014625981286210225,0.00563321036607695,-0.0004575235618372446,-0.004281500582988096,0.0033664534593136064
GBM01-N1-050-N2-075,50,75,7200,250,150,S09,screen,0.0,3000,2942,1500,1500,0.051333333333333335,0.041909728013384454,0.06273713049168833,0.03,0.021333333333333333,0.019333333333333334,0.01383934158201449,0.02694874903040375,-0.004225931926287959,-0.00835675634086231,-9.510751171360778e-05,0.07023364552371508,0.06778912504735952,0.07267816600007064,-0.017412291519326877,-0.020953682223032205,-0.013870900815621548,0.003032317532866,-0.0008319895004777447,0.0068966245662097445
GBM01-N1-050-N2-100,50,100,9000,300,200,S01,screen,0.0,3000,2958,1500,1500,0.05466666666666667,0.04492528526158589,0.06637352823230508,0.029333333333333333,0.025333333333333333,0.014,0.009450007097834473,0.02069495553247468,-0.001262477392880561,-0.004850281359736297,0.0023253265739751746,0.060068713003100564,0.057882449982850324,0.062254976023350804,0.0009430245256441878,-0.0021881453639379465,0.004074194415226322,0.0034867463729345714,0.00010815670159956044,0.0068653360442695825
GBM01-N1-050-N2-100,50,100,9000,300,200,S02,screen,0.0,3000,2982,1500,1500,0.058,0.04795179775338438,0.06999897072932477,0.029,0.029,0.006,0.0033020669503808645,0.010878203706764653,-0.002575503072170184,-0.006075607072665308,0.0009246009283249402,0.059508382922561345,0.05741466946869144,0.06160209637643125,-0.002127709243786214,-0.005319633205549885,0.001064214717977457,-0.0006478923992433428,-0.003974227602279699,0.0026784428037930135
GBM01-N1-050-N2-100,50,100,9000,300,200,S03,screen,0.0,3000,2961,1500,1500,0.047,0.03800756505983372,0.05799175195977541,0.021,0.026,0.013,0.008646080030504492,0.019503296103159207,0.0005040947700446904,-0.0029485156404082786,0.00395670518049766,0.05820618465542709,0.056126061757643016,0.06028630755321116,-0.0026854986762639694,-0.005871699005880509,0.0005007016533525701,0.002363703652745881,-0.0010016209107998678,0.00572902821629163
GBM01-N1-050-N2-100,50,100,9000,300,200,S04,screen,0.0,3000,2963,1500,1500,0.06,0.0497725968037077,0.07216934467229234,0.028666666666666667,0.03133333333333333,0.012333333333333333,0.008114301233505893,0.01870468390239417,-0.003537427886503754,-0.00745900039172582,0.0003841446187183113,0.06625637779960025,0.06389558484700973,0.06861717075219077,0.0008877841141524727,-0.00226358569466695,0.004039153922971895,-0.0005607216332198595,-0.0038714306465206564,0.0027499873800809374
GBM01-N1-050-N2-100,50,100,9000,300,200,S05,screen,0.0,3000,2969,1500,1500,0.052,0.04251191679605569,0.06346533270678072,0.027333333333333334,0.024666666666666667,0.010333333333333333,0.006542037223830099,0.01628577491877905,-0.0012959933120195233,-0.004871944267775998,0.002279957643736951,0.060189754915438605,0.05802354207634955,0.06235596775452766,-0.0014644076867567598,-0.004706218539434851,0.0017774031659213315,0.0027668021156582426,-0.000561984451573416,0.006095588682889902
GBM01-N1-050-N2-100,50,100,9000,300,200,S06,screen,0.0,3000,2967,1500,1500,0.063,0.05251023636990424,0.07541846459603219,0.033,0.03,0.011,0.007061959784684468,0.017096243355688316,-0.0037891394990097927,-0.007401787997112866,-0.00017649100090671868,0.0617305795914738,0.059595410091982284,0.06386574909096532,0.0012722676123456149,-0.0018480434160536028,0.0043925786407448325,0.000805585569991065,-0.002527966230318993,0.004139137370301123
GBM01-N1-050-N2-100,50,100,9000,300,200,S07,screen,0.0,3000,2955,1500,1500,0.05,0.040706793573359636,0.061279282936185876,0.024666666666666667,0.025333333333333333,0.015,0.010260778572177194,0.02187977055477741,-0.00369794990645315,-0.007285604520230717,-0.00011029529267558196,0.060368948737705826,0.05819722748455877,0.06254066999085288,0.001233914369957344,-0.001973281285737546,0.0044411100256522345,-0.0025669176637815095,-0.005916311498065466,0.0007824761705024475
GBM01-N1-050-N2-100,50,100,9000,300,200,S08,screen,0.0,3000,2967,1500,1500,0.05266666666666667,0.043114575095298605,0.06419306540530144,0.025,0.027666666666666666,0.011,0.007061959784684468,0.017096243355688316,7.350359446043127e-05,-0.0035243212388357693,0.003671328427756632,0.06068848569062985,0.058519307383693174,0.06285766399756652,2.8968432619192424e-05,-0.0030674775240895043,0.0031254143893278893,0.0010879133588842767,-0.002196777256589479,0.004372603974358033
GBM01-N1-050-N2-100,50,100,9000,300,200,S09,screen,0.0,3000,2936,1500,1500,0.05466666666666667,0.04492528526158589,0.06637352823230508,0.030666666666666665,0.024,0.021333333333333333,0.015520220011145194,0.029259043594563956,-0.0007095865167411227,-0.004276245594400569,0.0028570725609183235,0.05986511280900007,0.05771556826651298,0.06201465735148717,-0.009469243105193368,-0.012732411187929707,-0.006206075022457029,0.002481503207374251,-0.0009643125574332651,0.0059273189721817665
GBM01-N1-050-N2-150,50,150,12600,400,300,S01,screen,0.0,3000,2968,1500,1500,0.051,0.041608812359602614,0.06237285064658834,0.024,0.027,0.010666666666666666,0.00680144026857975,0.01669156737291122,0.0003332668600208334,-0.0025198032636857062,0.0031863369837273727,0.04791946080738937,0.0461858929893174,0.04965302862546134,-0.0012525382168860474,-0.003997201671861262,0.0014921252380891668,0.0010610013800706286,-0.0016821594001956164,0.003804162160336874
GBM01-N1-050-N2-150,50,150,12600,400,300,S02,screen,0.0,3000,2964,1500,1500,0.049666666666666665,0.04040636714812104,0.06091451386254264,0.024,0.025666666666666667,0.012,0.007849758859317126,0.018304030777701114,0.0004229795111447885,-0.0024098462091536616,0.0032558052314432383,0.04753775197905216,0.0458158457299912,0.04925965822811312,-0.00043842145116827113,-0.003117753036319344,0.0022409101339828015,-0.0018299924156765525,-0.004569554529345012,0.0009095696979919076
GBM01-N1-050-N2-150,50,150,12600,400,300,S03,screen,0.0,3000,2967,1500,1500,0.058,0.04795179775338438,0.06999897072932477,0.03,0.028,0.011,0.007061959784684468,0.017096243355688316,-0.0008342897051961837,-0.003577121835184163,0.0019085424247917955,0.04662825460756942,0.04499698328187346,0.04825952593326538,0.00021481510717874,-0.002443512344383618,0.002873142558741098,0.0022304202210922885,-0.0004786090186733806,0.004939449460857958
GBM01-N1-050-N2-150,50,150,12600,400,300,S04,screen,0.0,3000,2969,1500,1500,0.059,0.04886175450263722,0.07108460047671737,0.033666666666666664,0.025333333333333333,0.010333333333333333,0.006542037223830099,0.01628577491877905,-0.0013040788109784786,-0.004463707509963888,0.0018555498880069303,0.0534776619169999,0.051581902859251294,0.05537342097474851,-3.1504585043288525e-06,-0.0026053229427821204,0.0025990220257734622,-0.0008034087702929302,-0.0035190729300131974,0.0019122553894273368
GBM01-N1-050-N2-150,50,150,12600,400,300,S05,screen,0.0,3000,2969,1500,1500,0.05466666666666667,0.04492528526158589,0.06637352823230508,0.028,0.02666666666666667,0.010333333333333333,0.006542037223830099,0.01628577491877905,-0.0019240493417796304,-0.004746841126301502,0.0008987424427422414,0.047954828037237045,0.04627091027068669,0.0496387458037874,0.00013081986519722865,-0.002534047133570397,0.002795686863964854,-0.0010368164670391835,-0.0037437228355222986,0.001670089901443932
GBM01-N1-050-N2-150,50,150,12600,400,300,S06,screen,0.0,3000,2968,1500,1500,0.049,0.0398058910508698,0.06018459896203026,0.024333333333333332,0.024666666666666667,0.010666666666666666,0.00680144026857975,0.01669156737291122,-0.0006605262633125312,-0.0035764564538519252,0.0022554039272268626,0.049657950203943126,0.04792899783957784,0.05138690256830841,0.0029945217159064313,0.0003688927528540443,0.005620150678958819,-0.00039231710712199584,-0.003133118730532487,0.0023484845162884955
GBM01-N1-050-N2-150,50,150,12600,400,300,S07,screen,0.0,3000,2961,1500,1500,0.05,0.040706793573359636,0.061279282936185876,0.029,0.021,0.013,0.008646080030504492,0.019503296103159207,-0.001766837899870671,-0.004743067904673909,0.0012093921049325664,0.05019085496514487,0.048396897755805045,0.05198481217448469,0.0001840221493192262,-0.0024584399908563156,0.0028264842894947678,-0.001469801339317169,-0.004226812085362146,0.001287209406727808
GBM01-N1-050-N2-150,50,150,12600,400,300,S08,screen,0.0,3000,2960,1500,1500,0.055,0.04522745888733454,0.06673655010543823,0.026333333333333334,0.028666666666666667,0.013333333333333334,0.008913251030863281,0.01990132060168224,-0.0006082034837722014,-0.0034481893293493993,0.0022317823618049964,0.04802361880869251,0.04632213173888575,0.04972510587849928,-0.00017314162535981192,-0.0028051153603040296,0.0024588321095844056,-0.0009642050542295447,-0.0037299426394493554,0.0018015325309902663
GBM01-N1-050-N2-150,50,150,12600,400,300,S09,screen,0.0,3000,2939,1500,1500,0.05466666666666667,0.04492528526158589,0.06637352823230508,0.028666666666666667,0.026,0.02033333333333333,0.014677772609074671,0.028105904499989016,-0.0022241567724424443,-0.005167782535103224,0.0007194689902183353,0.04970797320067309,0.047948399224267135,0.05146754717707905,-0.007592553402806733,-0.010243894733451718,-0.004941212072161749,0.0007279596860777771,-0.0020068940355506834,0.003462813407706237
GBM01-N1-050-N2-200,50,200,16200,500,400,S01,screen,0.0,3000,2973,1500,1500,0.053,0.04341607770700619,0.06455675829247567,0.029,0.024,0.009,0.0055166755619983614,0.014650354585083519,-0.002202787903794737,-0.004657705403995507,0.0002521295964060333,0.04146032764660406,0.039977111191416906,0.042943544101791215,-0.001307106937294159,-0.0036365592186603,0.0010223453440719819,0.0027037354217453293,0.00035441526914708945,0.005053055574343569
GBM01-N1-050-N2-200,50,200,16200,500,400,S02,screen,0.0,3000,2976,1500,1500,0.06166666666666667,0.05129257997229359,0.07397533899811556,0.03233333333333333,0.029333333333333333,0.008,0.004762346616820028,0.013409097033616398,0.0005879204635830233,-0.0018312873301904121,0.0030071282573564586,0.041083423319343094,0.039638061747856425,0.042528784890829764,-0.0025037658766057804,-0.004813372218832694,-0.00019415953437886685,-0.0007325470700975702,-0.0031103575353245132,0.001645263395129373
GBM01-N1-050-N2-200,50,200,16200,500,400,S03,screen,0.0,3000,2960,1500,1500,0.046,0.037110210970737384,0.056893519552226296,0.023333333333333334,0.02266666666666667,0.013333333333333334,0.008913251030863281,0.01990132060168224,-0.001904421667545471,-0.004274668671939007,0.0004658253368480642,0.03967957654561858,0.03823188576772208,0.04112726732351508,0.00010678026971439968,-0.002252281457670939,0.002465841997099738,-0.001127632803997147,-0.003483110403484076,0.0012278447954897822
GBM01-N1-050-N2-200,50,200,16200,500,400,S04,screen,0.0,3000,2972,1500,1500,0.065,0.054339402904491144,0.07758047105473619,0.03266666666666666,0.03233333333333333,0.009333333333333334,0.00577105869837476,0.015061166947588942,-0.0017681042182923377,-0.004456015685313376,0.0009198072487287012,0.045328938032703825,0.04370313846971902,0.04695473759568863,-0.00011691008603229074,-0.0024473220399417266,0.0022135018678771452,0.0007970816086686097,-0.0015531909008736377,0.003147354118210857
GBM01-N1-050-N2-200,50,200,16200,500,400,S05,screen,0.0,3000,2975,1500,1500,0.04833333333333333,0.03920592532713859,0.05945417368799782,0.027,0.021333333333333333,0.008333333333333333,0.005012239024984865,0.01382440012433338,-0.0004341777339455848,-0.002933984903197947,0.0020656294353067774,0.0422618078897041,0.040756877934023696,0.043766737845384505,-1.0383941936078873e-05,-0.0023083510143868504,0.002287583130514693,-0.0014433032214929804,-0.0037978224740499644,0.0009112160310640034
GBM01-N1-050-N2-200,50,200,16200,500,400,S06,screen,0.0,3000,2962,1500,1500,0.052,0.04251191679605569,0.06346533270678072,0.027666666666666666,0.024333333333333332,0.012666666666666666,0.008379752870551895,0.01910442776422998,-3.5907122635872764e-05,-0.002543035623346174,0.0024712213780744285,0.041961965386357596,0.04043221127660979,0.0434917194961054,0.0027872608634776463,0.0004751976368226429,0.00509932409013265,0.001168275665638746,-0.0011816873345630084,0.0035182386658405007
GBM01-N1-050-N2-200,50,200,16200,500,400,S07,screen,0.0,3000,2968,1500,1500,0.05266666666666667,0.043114575095298605,0.06419306540530144,0.029333333333333333,0.023333333333333334,0.010666666666666666,0.00680144026857975,0.01669156737291122,-0.0009141373748866107,-0.003441796788390952,0.0016135220386177306,0.042878972921945764,0.04136921040937199,0.04438873543451954,0.0025446923353914285,0.0002431740133910852,0.004846210657391771,-0.0005035794657934538,-0.002837400239280165,0.0018302413076932574
GBM01-N1-050-N2-200,50,200,16200,500,400,S08,screen,0.0,3000,2970,1500,1500,0.058666666666666666,0.04855833615612269,0.07072282332435008,0.03166666666666667,0.027,0.01,0.006283801751578197,0.015878814892149137,-0.002800003538358727,-0.005348400781040131,-0.0002516062956773235,0.04277012552234052,0.04121323628447266,0.04432701476020837,-0.000979134244136894,-0.003292169416716605,0.0013339009284428166,-0.001343117880796989,-0.0037294680349566857,0.0010432322733627075
GBM01-N1-050-N2-200,50,200,16200,500,400,S09,screen,0.0,3000,2926,1500,1500,0.057666666666666665,0.047648679288635046,0.06963689369519227,0.03333333333333333,0.024333333333333332,0.024666666666666667,0.018354169024913818,0.03307704956961351,-0.001558965060781157,-0.004085206031877323,0.0009672759103150086,0.04221023862847338,0.04067860744934166,0.043741869807605104,-0.004811031363897532,-0.007150822247555089,-0.0024712404802399754,0.0028857756997999395,0.0005206737132696974,0.005250877686330181
GBM01-N1-075-N2-025,75,25,4500,200,50,S01,screen,0.0,3000,2961,1500,1500,0.056,0.04613462719335834,0.06782496829605988,0.027,0.029,0.013,0.008646080030504492,0.019503296103159207,-0.008115270568312757,-0.015073555913488312,-0.0011569852231372016,0.11810806545307675,0.11394906904091641,0.1222670618652371,0.0012487132323983996,-0.004159067560433307,0.006656494025230106,0.003809396740760583,-0.0029453421389483542,0.01056413562046952
GBM01-N1-075-N2-025,75,25,4500,200,50,S02,screen,0.0,3000,2967,1500,1500,0.062,0.05159685699975265,0.0743362574695383,0.037,0.025,0.011,0.007061959784684468,0.017096243355688316,-0.009025067159863799,-0.016036209713838692,-0.0020139246058889036,0.11813836268686526,0.11388190134708875,0.12239482402664176,0.004621646694340266,-0.0009376469175177383,0.010180940306198271,0.0012743682454579765,-0.005394166873146487,0.007942903364062441
GBM01-N1-075-N2-025,75,25,4500,200,50,S03,screen,0.0,3000,2965,1500,1500,0.058,0.04795179775338438,0.06999897072932477,0.029666666666666668,0.028333333333333332,0.011666666666666667,0.007586161737740677,0.017902432400395754,-0.012097597821598305,-0.01876417982567296,-0.0054310158175236494,0.11395635931984767,0.10999381939764802,0.11791889924204732,0.00017026057912159076,-0.005166752436275895,0.005507273594519077,0.0049307486799006,-0.0015225392705633953,0.011384036630364594
GBM01-N1-075-N2-025,75,25,4500,200,50,S04,screen,0.0,3000,2959,1500,1500,0.067,0.05617166675565691,0.07973938019686133,0.036333333333333336,0.030666666666666665,0.013666666666666667,0.009181236074875046,0.020298531056552285,-0.017354870971026212,-0.024967865826512482,-0.00974187611553994,0.1305239678605303,0.12600514063958265,0.13504279508147796,-0.0037192892534403,-0.009047075560964365,0.0016084970540837643,0.0009156439875049199,-0.005689182279316315,0.007520470254326154
GBM01-N1-075-N2-025,75,25,4500,200,50,S05,screen,0.0,3000,2962,1500,1500,0.06133333333333333,0.05098839546809815,0.07361432800342917,0.030666666666666665,0.030666666666666665,0.012666666666666666,0.008379752870551895,0.01910442776422998,-0.011273721090468262,-0.01844051859914165,-0.0041069235817948755,0.12224327323401973,0.11798145018342629,0.12650509628461318,0.004687446762326997,-0.0006212057718399892,0.009996099296493983,-0.000350591992179004,-0.006857842205911307,0.0061566582215533
GBM01-N1-075-N2-025,75,25,4500,200,50,S06,screen,0.0,3000,2961,1500,1500,0.06733333333333333,0.05647733613436853,0.08009890631703151,0.03866666666666667,0.028666666666666667,0.013,0.008646080030504492,0.019503296103159207,-0.014398352445352468,-0.021646936788241315,-0.007149768102463621,0.12263755334299344,0.11824502664159119,0.12703008004439567,0.002985180520594532,-0.0022674804733415293,0.008237841514530593,-0.0015025571886744143,-0.008138842023481732,0.005133727646132904
GBM01-N1-075-N2-025,75,25,4500,200,50,S07,screen,0.0,3000,2967,1500,1500,0.06266666666666666,0.05220568587476399,0.0750578195922906,0.030333333333333334,0.03233333333333333,0.011,0.007061959784684468,0.017096243355688316,-0.01318123660521462,-0.020284784945244487,-0.006077688265184755,0.12136408318614549,0.11713324663108117,0.12559491974120982,0.003210561140154641,-0.0020310286923731604,0.008452150972682444,-0.0002978146031639482,-0.006681162938350638,0.006085533732022742
GBM01-N1-075-N2-025,75,25,4500,200,50,S08,screen,0.0,3000,2960,1500,1500,0.059,0.04886175450263722,0.07108460047671737,0.029666666666666668,0.029333333333333333,0.013333333333333334,0.008913251030863281,0.01990132060168224,-0.0134521698854407,-0.02065308374688869,-0.00625125602399271,0.12090745175968431,0.11649384181815513,0.1253210617012135,0.0037827843641624554,-0.0012876006123831761,0.008853169340708088,0.0015256420204173746,-0.005158928744192664,0.008210212785027413
GBM01-N1-075-N2-025,75,25,4500,200,50,S09,screen,0.0,3000,2938,1500,1500,0.069,0.058006900866526476,0.08189531907928267,0.037,0.032,0.020666666666666667,0.01495815595395143,0.02849071665399408,-0.013098969577105367,-0.02043208178459204,-0.005765857369618695,0.124394750880356,0.12001238397991941,0.1287771177807926,-0.04330382882190427,-0.048772257484351655,-0.03783540015945688,0.004300003084433803,-0.0023376476189350412,0.010937653787802648
GBM01-N1-075-N2-040,75,40,5580,230,80,S01,screen,0.0,3000,2971,1500,1500,0.056666666666666664,0.04673993662874993,0.06855004985843194,0.028333333333333332,0.028333333333333332,0.009666666666666667,0.006026789013377336,0.015470632131468182,-0.0038289087584146837,-0.009337735154763833,0.0016799176379344665,0.09321867245919252,0.08990697696643686,0.09653036795194818,-0.002622415711357102,-0.007147533210621096,0.0019027017879068922,0.000504414450854842,-0.00472519185411187,0.005734020755821554
GBM01-N1-075-N2-040,75,40,5580,230,80,S02,screen,0.0,3000,2956,1500,1500,0.06333333333333334,0.05281487668315638,0.07577901978166185,0.03233333333333333,0.031,0.014666666666666666,0.009989802668128874,0.02148555095994391,-0.005870443372757625,-0.011551584335988054,-0.00018930240952719658,0.09614897222134214,0.09274372996713469,0.09955421447554959,-0.0002529407095045757,-0.0048645419634035444,0.004358660544394393,-0.0008080241783229526,-0.006093618323017982,0.004477569966372076
GBM01-N1-075-N2-040,75,40,5580,230,80,S03,screen,0.0,3000,2965,1500,1500,0.058666666666666666,0.04855833615612269,0.07072282332435008,0.03,0.028666666666666667,0.011666666666666667,0.007586161737740677,0.017902432400395754,-0.007120062117608839,-0.012564014771818743,-0.001676109463398935,0.09120998028199757,0.08787419165005242,0.09454576891394273,0.0026617498986747567,-0.0020103172871546223,0.007333817084504136,0.001356439746296557,-0.003907065116844337,0.00661994460943745
GBM01-N1-075-N2-040,75,40,5580,230,80,S04,screen,0.0,3000,2968,1500,1500,0.059666666666666666,0.04946888558965727,0.07180786038746095,0.032,0.027666666666666666,0.010666666666666666,0.00680144026857975,0.01669156737291122,-0.00862857767606177,-0.014729696661353112,-0.002527458690770426,0.10343740717095344,0.09976806823474975,0.10710674610715713,-0.003027611153228311,-0.007481131381516109,0.0014259090750594872,-0.0007951812385181077,-0.005940537537998535,0.004350175060962319
GBM01-N1-075-N2-040,75,40,5580,230,80,S05,screen,0.0,3000,2962,1500,1500,0.048,0.038906136945158244,0.05908876657109636,0.02666666666666667,0.021333333333333333,0.012666666666666666,0.008379752870551895,0.01910442776422998,-0.009558196183488094,-0.01519822387518872,-0.003918168491787467,0.09573963351949089,0.09235206397321906,0.09912720306576271,-0.0006166916821994451,-0.005237011594636627,0.004003628230237736,-0.00036528316881664013,-0.00569984902972971,0.004969282692096429
GBM01-N1-075-N2-040,75,40,5580,230,80,S06,screen,0.0,3000,2968,1500,1500,0.071,0.05984498716521228,0.08404840577388775,0.04133333333333333,0.029666666666666668,0.010666666666666666,0.00680144026857975,0.01669156737291122,-0.010603167800569257,-0.016276792377910472,-0.004929543223228041,0.09628050936610791,0.09285827149834759,0.09970274723386822,0.002686663754818014,-0.0017922394639400276,0.007165566973576055,-0.004382055710385909,-0.009597428238625897,0.0008333168178540785
GBM01-N1-075-N2-040,75,40,5580,230,80,S07,screen,0.0,3000,2972,1500,1500,0.062,0.05159685699975265,0.0743362574695383,0.03266666666666666,0.029333333333333333,0.009333333333333334,0.00577105869837476,0.015061166947588942,-0.0071757836168477905,-0.012740057891582779,-0.001611509342112803,0.09411843737546262,0.09075783440769428,0.09747904034323096,3.54589484655655e-05,-0.004374364901571563,0.004445282798502693,-0.0008774956022645019,-0.006180179704120914,0.00442518849959191
GBM01-N1-075-N2-040,75,40,5580,230,80,S08,screen,0.0,3000,2959,1500,1500,0.057666666666666665,0.047648679288635046,0.06963689369519227,0.030333333333333334,0.027333333333333334,0.013666666666666667,0.009181236074875046,0.020298531056552285,-0.00591317742357826,-0.011649209548889638,-0.00017714529826688176,0.09688618136660151,0.09343288158771293,0.1003394811454901,0.00435756525331495,-4.8357762557255796e-05,0.008763488269187155,-0.0009646024709956593,-0.0062269708847086805,0.004297765942717362
GBM01-N1-075-N2-040,75,40,5580,230,80,S09,screen,0.0,3000,2922,1500,1500,0.057,0.04704274789608954,0.06891243408997415,0.028666666666666667,0.028333333333333332,0.026,0.01949762986873969,0.03459437072131491,-0.003082615648018986,-0.008740021155215175,0.0025747898591772017,0.09523449104824845,0.09185415271049217,0.09861482938600473,-0.03083803861165114,-0.035415931507925234,-0.02626014571537705,0.0012058116644632327,-0.00402039210292784,0.006432015431854306
GBM01-N1-075-N2-050,75,50,6300,250,100,S01,screen,0.0,3000,2968,1500,1500,0.050666666666666665,0.04130801732179694,0.062008450185512196,0.025333333333333333,0.025333333333333333,0.010666666666666666,0.00680144026857975,0.01669156737291122,-0.00012560627563265155,-0.005129352188832232,0.004878139637566929,0.0842810603968039,0.0812556848775957,0.0873064359160121,-0.0012622831243046097,-0.005465085733729405,0.002940519485120186,0.0010078855857069916,-0.0037419417344045107,0.005757712905818494
GBM01-N1-075-N2-050,75,50,6300,250,100,S02,screen,0.0,3000,2969,1500,1500,0.05633333333333333,0.04643722944098404,0.068187561547316,0.027333333333333334,0.029,0.010333333333333333,0.006542037223830099,0.01628577491877905,-0.00443462224879092,-0.009430900282956654,0.0005616557853748124,0.08363821856012664,0.08057736783618112,0.08669906928407216,0.00016452847508664978,-0.004030265401411412,0.004359322351584711,-0.002186581998734146,-0.006949883412863763,0.002576719415395471
GBM01-N1-075-N2-050,75,50,6300,250,100,S03,screen,0.0,3000,2966,1500,1500,0.046,0.037110210970737384,0.056893519552226296,0.021,0.025,0.011333333333333334,0.007323548324461517,0.01749985031479309,-0.0031465511002124035,-0.00794483628088111,0.0016517340804563041,0.08123077404766013,0.07835325575961516,0.0841082923357051,-0.0014890984273665108,-0.0057430684213332014,0.0027648715666001803,0.0008002535043501699,-0.0038016176376480726,0.005402124646348413
GBM01-N1-075-N2-050,75,50,6300,250,100,S04,screen,0.0,3000,2961,1500,1500,0.058333333333333334,0.04825501697631898,0.07036094700527197,0.03133333333333333,0.027,0.013,0.008646080030504492,0.019503296103159207,-0.004322111006390555,-0.009668195982287712,0.0010239739695066027,0.09067611140743141,0.0874835614788445,0.09386866133601833,-0.0008670164021470052,-0.005008050260074024,0.0032740174557800137,-0.0028728826422205513,-0.007648210096196637,0.0019024448117555348
GBM01-N1-075-N2-050,75,50,6300,250,100,S05,screen,0.0,3000,2968,1500,1500,0.063,0.05251023636990424,0.07541846459603219,0.034333333333333334,0.028666666666666667,0.010666666666666666,0.00680144026857975,0.01669156737291122,-0.0016743911854249507,-0.006695838812338401,0.0033470564414885004,0.08543539572540326,0.08245236119216408,0.08841843025864245,0.0017291187058308855,-0.002430847028420628,0.005889084440082399,0.0029924614041872024,-0.0017503877864600112,0.0077353105948344165
GBM01-N1-075-N2-050,75,50,6300,250,100,S06,screen,0.0,3000,2968,1500,1500,0.05633333333333333,0.04643722944098404,0.068187561547316,0.028,0.028333333333333332,0.010666666666666666,0.00680144026857975,0.01669156737291122,-0.0077460665943928425,-0.01278101481543123,-0.002711118373354455,0.08564457444013733,0.08263091490598408,0.08865823397429058,0.0024744022445198654,-0.0016695139815787147,0.006618318470618445,-0.00022869768452572534,-0.004887805699004701,0.0044304103299532506
GBM01-N1-075-N2-050,75,50,6300,250,100,S07,screen,0.0,3000,2968,1500,1500,0.063,0.05251023636990424,0.07541846459603219,0.034333333333333334,0.028666666666666667,0.010666666666666666,0.00680144026857975,0.01669156737291122,-0.01050794459902051,-0.015503815465696517,-0.005512073732344505,0.0846535720260811,0.08162367009512142,0.08768347395704079,0.000240372929820703,-0.003962768749299623,0.0044435146089410295,0.00010869817779580031,-0.004523402414892738,0.00474079877048434
GBM01-N1-075-N2-050,75,50,6300,250,100,S08,screen,0.0,3000,2973,1500,1500,0.058333333333333334,0.04825501697631898,0.07036094700527197,0.028,0.030333333333333334,0.009,0.0055166755619983614,0.014650354585083519,-0.007935221787217967,-0.012998152683383897,-0.0028722908910520373,0.08524452348512841,0.08215400210947776,0.08833504486077906,0.0017681997161859543,-0.002271617971231944,0.005808017403603852,0.0021267686668806855,-0.0025126804309446834,0.006766217764706054
GBM01-N1-075-N2-050,75,50,6300,250,100,S09,screen,0.0,3000,2940,1500,1500,0.05466666666666667,0.04492528526158589,0.06637352823230508,0.027,0.027666666666666666,0.02,0.014397835250876692,0.027720646359305184,-0.006043540418610661,-0.01112172316707909,-0.0009653576701422317,0.0853016330519188,0.0822285669511549,0.08837469915268271,-0.028410809394570385,-0.03252283432430072,-0.02429878446484005,-0.0019449974664052583,-0.006671240535625585,0.0027812456028150677
GBM01-N1-075-N2-075,75,75,8100,300,150,S01,screen,0.0,3000,2967,1500,1500,0.055,0.04522745888733454,0.06673655010543823,0.02666666666666667,0.028333333333333332,0.011,0.007061959784684468,0.017096243355688316,-0.004046482129950524,-0.00812253333753609,2.9569077635043482e-05,0.06885767893517364,0.06639913719198483,0.07131622067836245,-0.0012118546860747025,-0.004723512356244738,0.002299802984095333,0.001065592923208462,-0.0027375676855602967,0.004868753531977221
GBM01-N1-075-N2-075,75,75,8100,300,150,S02,screen,0.0,3000,2959,1500,1500,0.05633333333333333,0.04643722944098404,0.068187561547316,0.028333333333333332,0.028,0.013666666666666667,0.009181236074875046,0.020298531056552285,-0.0025565088192195133,-0.0065612805318521145,0.001448262893413088,0.06727953457251772,0.06485060896405646,0.06970846018097897,-0.00028294548477915394,-0.003794693169902755,0.003228802200344447,-0.002276421315030466,-0.006049709295548601,0.0014968666654876688
GBM01-N1-075-N2-075,75,75,8100,300,150,S03,screen,0.0,3000,2976,1500,1500,0.05566666666666667,0.045832130759024564,0.06746226923151186,0.027333333333333334,0.028333333333333332,0.008,0.004762346616820028,0.013409097033616398,-0.0018377824293228275,-0.005603393082629099,0.001927828223983444,0.06394040529003517,0.061688874647630204,0.06619193593244013,0.0013759492124598293,-0.0020743837602194767,0.004826282185139135,-0.001688578952475877,-0.005445637630421814,0.0020684797254700606
GBM01-N1-075-N2-075,75,75,8100,300,150,S04,screen,0.0,3000,2976,1500,1500,0.064,0.053424424154398284,0.07649986330818358,0.034333333333333334,0.029666666666666668,0.008,0.004762346616820028,0.013409097033616398,-0.003205844243518875,-0.007504787965222897,0.0010930994781851474,0.07285319423919075,0.07027118660499011,0.07543520187339138,0.002870049067545829,-0.0006469132408206263,0.0063870113759122845,-0.000528088517067246,-0.004345466987295648,0.0032892899531611563
GBM01-N1-075-N2-075,75,75,8100,300,150,S05,screen,0.0,3000,2976,1500,1500,0.059666666666666666,0.04946888558965727,0.07180786038746095,0.031,0.028666666666666667,0.008,0.004762346616820028,0.013409097033616398,-0.0025342333252645387,-0.006665070107493019,0.0015966034569639418,0.06965582343906454,0.06715437007124817,0.07215727680688092,0.0024979825021406205,-0.0009727588765606858,0.005968723880841927,0.0024381739624105983,-0.0014287011387882028,0.006305049063609399
GBM01-N1-075-N2-075,75,75,8100,300,150,S06,screen,0.0,3000,2975,1500,1500,0.06,0.0497725968037077,0.07216934467229234,0.032,0.028,0.008333333333333333,0.005012239024984865,0.01382440012433338,-0.002674258079551781,-0.006848618492068862,0.0015001023329653004,0.07082412420569689,0.06832400780148278,0.07332424060991101,0.002635438541647391,-0.0008486068185119874,0.006119483901806769,0.0006403176891296647,-0.0032370998181586487,0.004517735196417978
GBM01-N1-075-N2-075,75,75,8100,300,150,S07,screen,0.0,3000,2959,1500,1500,0.05366666666666667,0.04401942478148128,0.06528380221576421,0.023666666666666666,0.03,0.013666666666666667,0.009181236074875046,0.020298531056552285,-0.0016471269652440256,-0.005725104482058553,0.002430850551570501,0.06942725200130229,0.06701390631888272,0.07184059768372185,0.001193340364653265,-0.002331887889246916,0.004718568618553446,-0.00016148779598573773,-0.004091906587922922,0.003768930995951447
GBM01-N1-075-N2-075,75,75,8100,300,150,S08,screen,0.0,3000,2960,1500,1500,0.057,0.04704274789608954,0.06891243408997415,0.033,0.024,0.013333333333333334,0.008913251030863281,0.01990132060168224,-0.005158503132454514,-0.009294021107581568,-0.0010229851573274598,0.06965017256738809,0.06714326936786556,0.07215707576691062,0.0016305837101705345,-0.001786925373734022,0.005048092794075091,-0.000728730775632893,-0.004594333299747019,0.0031368717484812326
GBM01-N1-075-N2-075,75,75,8100,300,150,S09,screen,0.0,3000,2925,1500,1500,0.056666666666666664,0.04673993662874993,0.06855004985843194,0.032,0.024666666666666667,0.025,0.01863954251480104,0.03345687157860811,-0.004736758536222759,-0.008762173558217852,-0.0007113435142276662,0.06768940174747463,0.06526904742650894,0.07010975606844033,-0.020042709538019874,-0.023660892333377846,-0.016424526742661903,0.0034666213598748153,-0.0003145193044601039,0.0072477620242097345
GBM01-N1-075-N2-100,75,100,9900,350,200,S01,screen,0.0,3000,2969,1500,1500,0.050333333333333334,0.041007344015243544,0.06164392799318377,0.027333333333333334,0.023,0.010333333333333333,0.006542037223830099,0.01628577491877905,-0.0031705942303243235,-0.006705303229278404,0.00036411476862975665,0.06001423992064888,0.05790116122997337,0.06212731861132439,0.0009643975530927074,-0.002119381385297163,0.004048176491482578,-0.000675786110992243,-0.004017522918967617,0.002665950696983131
GBM01-N1-075-N2-100,75,100,9900,350,200,S02,screen,0.0,3000,2963,1500,1500,0.063,0.05251023636990424,0.07541846459603219,0.034,0.029,0.012333333333333333,0.008114301233505893,0.01870468390239417,-0.0019514303637363035,-0.005460671709988844,0.0015578109825162367,0.059300639896803245,0.05719204376662743,0.06140923602697906,0.0013197328525507187,-0.0018510691944968727,0.00449053489959831,0.0007113292423834618,-0.002698059608906385,0.0041207180936733085
GBM01-N1-075-N2-100,75,100,9900,350,200,S03,screen,0.0,3000,2965,1500,1500,0.058666666666666666,0.04855833615612269,0.07072282332435008,0.029,0.029666666666666668,0.011666666666666667,0.007586161737740677,0.017902432400395754,-0.003156747049745725,-0.006586296668891535,0.0002728025694000852,0.057939092289617036,0.05587278389945262,0.060005400679781454,-0.001054147789645533,-0.004188323222405395,0.0020800276431143295,0.0030453068863652206,-0.0003803409439295212,0.006470954716659962
GBM01-N1-075-N2-100,75,100,9900,350,200,S04,screen,0.0,3000,2966,1500,1500,0.06633333333333333,0.05556057602916772,0.07902007992558686,0.03166666666666667,0.034666666666666665,0.011333333333333334,0.007323548324461517,0.01749985031479309,-0.002490402190841297,-0.0063678439307126855,0.0013870395490300923,0.06519826230347928,0.06284534464163184,0.06755117996532671,-0.00023195228806683276,-0.0033639701838026927,0.0029000656076690274,-0.0007625766550820726,-0.004119010688140112,0.0025938573779759663
GBM01-N1-075-N2-100,75,100,9900,350,200,S05,screen,0.0,3000,2954,1500,1500,0.05633333333333333,0.04643722944098404,0.068187561547316,0.026333333333333334,0.03,0.015333333333333332,0.010532442955402895,0.022273301670433527,-0.0010597329313246553,-0.0045769139194283825,0.0024574480567790716,0.05966824686426436,0.057576910435744116,0.06175958329278461,0.002596925510686153,-0.0005103369606706556,0.005704187982042962,-0.0009392582394699402,-0.004383987957510344,0.002505471478570464
GBM01-N1-075-N2-100,75,100,9900,350,200,S06,screen,0.0,3000,2976,1500,1500,0.05266666666666667,0.043114575095298605,0.06419306540530144,0.027666666666666666,0.025,0.008,0.004762346616820028,0.013409097033616398,-0.00030571736302142726,-0.0038552193374897245,0.00324378461144687,0.05992429217170042,0.057781714547725245,0.0620668697956756,0.0028671029524817366,-0.00019801988562632468,0.005932225790589798,0.0014702411246256082,-0.0017976870150056973,0.004738169264256914
GBM01-N1-075-N2-100,75,100,9900,350,200,S07,screen,0.0,3000,2971,1500,1500,0.059,0.04886175450263722,0.07108460047671737,0.027666666666666666,0.03133333333333333,0.009666666666666667,0.006026789013377336,0.015470632131468182,-0.0035515881346273254,-0.007068362091572246,-3.481417768240458e-05,0.0597516093154043,0.057649222841257126,0.06185399578955147,0.0013343810144119583,-0.0018205693682884353,0.004489331397112352,-0.001781205681800458,-0.005090224467731614,0.001527813104130698
GBM01-N1-075-N2-100,75,100,9900,350,200,S08,screen,0.0,3000,2972,1500,1500,0.059,0.04886175450263722,0.07108460047671737,0.028333333333333332,0.030666666666666665,0.009333333333333334,0.00577105869837476,0.015061166947588942,-0.002738201705241231,-0.006312050425385722,0.0008356470149032602,0.06040931426275172,0.058255368577620134,0.06256325994788331,9.321740333404621e-05,-0.0029857294713083143,0.003172164277976407,-0.00014093537865429462,-0.003451837583696659,0.0031699668263880697
GBM01-N1-075-N2-100,75,100,9900,350,200,S09,screen,0.0,3000,2908,1500,1500,0.053,0.04341607770700619,0.06455675829247567,0.03166666666666667,0.021333333333333333,0.030666666666666665,0.023537133357014937,0.039867604217385125,-0.0038548746116821484,-0.00745550324964091,-0.0002542459737233868,0.06049247619386709,0.058336921345125706,0.06264803104260848,-0.016264975643264998,-0.01941021736131064,-0.013119733925219352,0.0017935114625074198,-0.001585072419405734,0.0051720953444205735
GBM01-N1-075-N2-150,75,150,13500,450,300,S01,screen,0.0,3000,2975,1500,1500,0.051666666666666666,0.04221076318560183,0.06310129081835276,0.026,0.025666666666666667,0.008333333333333333,0.005012239024984865,0.01382440012433338,-0.003258732374241396,-0.006069608560906675,-0.0004478561875761169,0.047288018690368756,0.045574564885942484,0.04900147249479503,0.0006030809540365646,-0.001981469591317523,0.0031876314993906528,-0.0004458021628935939,-0.003147722076208264,0.002256117750421076
GBM01-N1-075-N2-150,75,150,13500,450,300,S02,screen,0.0,3000,2966,1500,1500,0.054,0.04432126726140508,0.06564715523472224,0.029333333333333333,0.024666666666666667,0.011333333333333334,0.007323548324461517,0.01749985031479309,0.0004339404142608341,-0.00250323320841997,0.0033711140369416387,0.04943455350441498,0.047657229933032244,0.05121187707579772,0.0003403336615161269,-0.0022739046612684495,0.0029545719843007035,-0.00027080551891302994,-0.002988729094749102,0.002447118056923042
GBM01-N1-075-N2-150,75,150,13500,450,300,S03,screen,0.0,3000,2968,1500,1500,0.052,0.04251191679605569,0.06346533270678072,0.027333333333333334,0.024666666666666667,0.010666666666666666,0.00680144026857975,0.01669156737291122,-0.0023149179525109678,-0.005059806860302259,0.0004299709552803236,0.04652098801732729,0.044875769805534885,0.0481662062291197,-0.0007630485359279483,-0.00343501882435551,0.001908921752499613,0.0018122463506494908,-0.0009000506751955348,0.004524543376494517
GBM01-N1-075-N2-150,75,150,13500,450,300,S04,screen,0.0,3000,2972,1500,1500,0.05533333333333333,0.04552974102397992,0.06709946346767467,0.026333333333333334,0.029,0.009333333333333334,0.00577105869837476,0.015061166947588942,-2.4464803571280424e-05,-0.003128685135500377,0.0030797555283578163,0.05249665138939381,0.05063073129927594,0.05436257147951167,-0.0007691497833347475,-0.003360896484123705,0.00182259691745421,-0.002212828128082573,-0.004895235367890432,0.0004695791117252856
GBM01-N1-075-N2-150,75,150,13500,450,300,S05,screen,0.0,3000,2978,1500,1500,0.061,0.05068430418606185,0.07325322378658364,0.034666666666666665,0.026333333333333334,0.007333333333333333,0.004267676697941736,0.012573375954731052,-0.0024397940784992777,-0.005229521038162993,0.00034993288116443684,0.0475980486120481,0.045940787398307606,0.04925530982578859,0.0007140771866749595,-0.0018686290783145468,0.0032967834516644656,0.0006776263294703494,-0.0020650881882394497,0.003420340847180149
GBM01-N1-075-N2-150,75,150,13500,450,300,S06,screen,0.0,3000,2968,1500,1500,0.049,0.0398058910508698,0.06018459896203026,0.025,0.024,0.010666666666666666,0.00680144026857975,0.01669156737291122,-0.0023484897567938156,-0.005242338425352655,0.0005453589117650234,0.04865383945277442,0.04689511913261535,0.05041255977293349,0.001096187216641833,-0.0015183755800892128,0.003710750013372879,0.0010155278821324936,-0.0017190594624936996,0.0037501152267586865
GBM01-N1-075-N2-150,75,150,13500,450,300,S07,screen,0.0,3000,2971,1500,1500,0.059333333333333335,0.04916527123664498,0.07144627924159143,0.030666666666666665,0.028666666666666667,0.009666666666666667,0.006026789013377336,0.015470632131468182,-0.002091042650661278,-0.0049376078055698245,0.0007555225042472683,0.04822434914911066,0.04651630840680967,0.04993238989141165,0.0006738270139397579,-0.0019768899763469056,0.0033245440042264213,-0.0003685877084341355,-0.0030888395394386954,0.002351664122570424
GBM01-N1-075-N2-150,75,150,13500,450,300,S08,screen,0.0,3000,2961,1500,1500,0.05333333333333334,0.04371769460207437,0.06492033689628932,0.025,0.028333333333333332,0.013,0.008646080030504492,0.019503296103159207,-0.0009145705997559724,-0.003845783218178136,0.0020166420186661913,0.04988697718916387,0.04815048931128909,0.05162346506703865,0.0016874043887995535,-0.000936281198030637,0.004311089975629744,-0.0022223775914052275,-0.0050390494067468015,0.000594294223936346
GBM01-N1-075-N2-150,75,150,13500,450,300,S09,screen,0.0,3000,2928,1500,1500,0.056666666666666664,0.04673993662874993,0.06855004985843194,0.029666666666666668,0.027,0.024,0.01778444377117496,0.03231638382558873,-0.0017697392866860484,-0.004662188305893699,0.0011227097325216015,0.04886179511241302,0.04714090740283617,0.050582682821989876,-0.010245388783600868,-0.01288485213459056,-0.0076059254326111755,0.003241609740486554,0.0005243681150286553,0.005958851365944453
GBM01-N1-075-N2-200,75,200,17100,550,400,S01,screen,0.0,3000,2966,1500,1500,0.055,0.04522745888733454,0.06673655010543823,0.027,0.028,0.011333333333333334,0.007323548324461517,0.01749985031479309,0.0007083997760113004,-0.0017189902152268508,0.003135789767249452,0.04066910613605592,0.03918850563605241,0.04214970663605943,-0.0007818167665506379,-0.00310620646116202,0.001542572928060744,0.0008183205575321949,-0.0015678748859171091,0.003204516000981499
GBM01-N1-075-N2-200,75,200,17100,550,400,S02,screen,0.0,3000,2978,1500,1500,0.056666666666666664,0.04673993662874993,0.06855004985843194,0.027333333333333334,0.029333333333333333,0.007333333333333333,0.004267676697941736,0.012573375954731052,-0.0011619666688849706,-0.0036634142836940355,0.0013394809459240941,0.04196979944883451,0.040441911757071874,0.04349768714059715,-0.001583643593214744,-0.0038593031199027333,0.0006920159334732449,-4.343896037990026e-05,-0.0023666587582677114,0.0022797808375079106
GBM01-N1-075-N2-200,75,200,17100,550,400,S03,screen,0.0,3000,2959,1500,1500,0.051,0.041608812359602614,0.06237285064658834,0.022,0.029,0.013666666666666667,0.009181236074875046,0.020298531056552285,-0.003963393579148615,-0.006409397636430909,-0.0015173895218663224,0.04093542170664949,0.03943225914634141,0.04243858426695757,-0.0001756434490935923,-0.002477988763624403,0.0021267018654372184,0.0003479834801056907,-0.0019936227802549705,0.0026895897404663523
GBM01-N1-075-N2-200,75,200,17100,550,400,S04,screen,0.0,3000,2974,1500,1500,0.052,0.04251191679605569,0.06346533270678072,0.029666666666666668,0.022333333333333334,0.008666666666666666,0.005263710049998545,0.014238124598201514,-0.0021735894306445774,-0.004865089469349958,0.0005179106080608026,0.04603833328856809,0.044449457010537714,0.04762720956659846,0.0002498705142524168,-0.002017648629045699,0.0025173896575505328,-6.620688385307537e-05,-0.0024230374444565426,0.0022906236767503917
GBM01-N1-075-N2-200,75,200,17100,550,400,S05,screen,0.0,3000,2969,1500,1500,0.048666666666666664,0.039505843779537655,0.05981945073448057,0.026,0.02266666666666667,0.010333333333333333,0.006542037223830099,0.01628577491877905,-0.001773907347999776,-0.0042747609823311095,0.0007269462863315574,0.042508402568975846,0.04101780679949653,0.043998998338455164,0.0004789699917002494,-0.001814017708367842,0.0027719576917683408,-0.0006141686595086482,-0.002991200542784426,0.0017628632237671298
GBM01-N1-075-N2-200,75,200,17100,550,400,S06,screen,0.0,3000,2963,1500,1500,0.05533333333333333,0.04552974102397992,0.06709946346767467,0.032,0.023333333333333334,0.012333333333333333,0.008114301233505893,0.01870468390239417,-0.0010985585132121227,-0.003539450805168728,0.001342333778744483,0.04088507326247597,0.039396352577832174,0.04237379394711977,0.0017694290803202015,-0.0004692028728782319,0.004008061033518635,0.000862320415708512,-0.0014988553406480548,0.003223496172065079
GBM01-N1-075-N2-200,75,200,17100,550,400,S07,screen,0.0,3000,2972,1500,1500,0.05466666666666667,0.04492528526158589,0.06637352823230508,0.025666666666666667,0.029,0.009333333333333334,0.00577105869837476,0.015061166947588942,-0.0009053856666071973,-0.0034161400343996075,0.001605368701185213,0.0423955917535103,0.04088173597462425,0.043909447532396347,0.0012195000749528134,-0.0010648504017409207,0.003503850551646547,-0.0010303219426782413,-0.003414449180901455,0.0013538052955449722
GBM01-N1-075-N2-200,75,200,17100,550,400,S08,screen,0.0,3000,2970,1500,1500,0.060333333333333336,0.05007640413115069,0.07253073284373118,0.029666666666666668,0.030666666666666665,0.01,0.006283801751578197,0.015878814892149137,-0.0028948499359234365,-0.005454617918057679,-0.00033508195378919485,0.04343233591672014,0.04189753058873036,0.04496714124470992,-0.0002150860013696135,-0.0024381697003279176,0.002007997697588691,-0.0011962588644991931,-0.0034876978822613158,0.0010951801532629295
GBM01-N1-075-N2-200,75,200,17100,550,400,S09,screen,0.0,3000,2935,1500,1500,0.05366666666666667,0.04401942478148128,0.06528380221576421,0.028,0.025666666666666667,0.021666666666666667,0.015801881389238222,0.029642577715352746,-0.001445470791225085,-0.004030935253281142,0.0011399936708309717,0.0436831172771213,0.04214229030689338,0.04522394424734922,-0.007417930693846264,-0.009621423559042663,-0.005214437828649864,0.0019983154785859726,-0.000380694198782876,0.004377325155954822
GBM01-N1-100-N2-025,100,25,5400,250,50,S01,screen,0.0,3000,2971,1500,1500,0.06266666666666666,0.05220568587476399,0.0750578195922906,0.030333333333333334,0.03233333333333333,0.009666666666666667,0.006026789013377336,0.015470632131468182,-0.008318609171039978,-0.015384229975085687,-0.00125298836699427,0.11946362172626761,0.11519802339207205,0.12372922006046316,-0.0009575390051542337,-0.005908161969954105,0.003993083959645637,-0.0010914807267732864,-0.007753756838271758,0.005570795384725186
GBM01-N1-100-N2-025,100,25,5400,250,50,S02,screen,0.0,3000,2965,1500,1500,0.06566666666666666,0.05494981984486576,0.07830044511212518,0.037333333333333336,0.028333333333333332,0.011666666666666667,0.007586161737740677,0.017902432400395754,-0.005515881896906544,-0.012700226619857646,0.0016684628260445582,0.12026784281577566,0.11587414919645052,0.12466153643510079,0.0007418491075945064,-0.0044494361040728105,0.005933134319261823,-0.0023289033205005608,-0.008932917358762832,0.00427511071776171
GBM01-N1-100-N2-025,100,25,5400,250,50,S03,screen,0.0,3000,2972,1500,1500,0.06633333333333333,0.05556057602916772,0.07902007992558686,0.035333333333333335,0.031,0.009333333333333334,0.00577105869837476,0.015061166947588942,-0.010268371964801421,-0.0171135277920222,-0.00342321613758064,0.11601414894302621,0.11188691155376622,0.1201413863322862,0.0017941495676987408,-0.0033150647014928807,0.006903363836890362,0.0019687967281377308,-0.004569824154797865,0.008507417611073327
GBM01-N1-100-N2-025,100,25,5400,250,50,S04,screen,0.0,3000,2970,1500,1500,0.067,0.05617166675565691,0.07973938019686133,0.034,0.033,0.01,0.006283801751578197,0.015878814892149137,-0.01141592379802175,-0.019086264955336704,-0.0037455826407067974,0.13073222006674354,0.12615708183203095,0.13530735830145613,-0.0003301625230795057,-0.005111178605955598,0.004450853559796586,0.0007629720817946696,-0.005807555000995794,0.007333499164585134
GBM01-N1-100-N2-025,100,25,5400,250,50,S05,screen,0.0,3000,2972,1500,1500,0.05466666666666667,0.04492528526158589,0.06637352823230508,0.028666666666666667,0.026,0.009333333333333334,0.00577105869837476,0.015061166947588942,-0.011359547193959846,-0.018465890884563945,-0.0042532035033557465,0.11954326918546684,0.11519881808666921,0.12388772028426448,0.0010139518208484469,-0.004075902624580192,0.006103806266277085,-0.0006810756646412533,-0.007193659384043018,0.005831508054760511
GBM01-N1-100-N2-025,100,25,5400,250,50,S06,screen,0.0,3000,2969,1500,1500,0.06433333333333334,0.05372933002844029,0.07686015293302341,0.03333333333333333,0.031,0.010333333333333333,0.006542037223830099,0.01628577491877905,-0.008423775382736734,-0.015484856027472583,-0.0013626947380008855,0.12027706426728843,0.11607256718577802,0.12448156134879884,0.00723051767007731,0.0023484519190702675,0.012112583421084353,-0.005278465528914084,-0.01180547511133809,0.001248544053509922
GBM01-N1-100-N2-025,100,25,5400,250,50,S07,screen,0.0,3000,2962,1500,1500,0.06,0.0497725968037077,0.07216934467229234,0.029666666666666668,0.030333333333333334,0.012666666666666666,0.008379752870551895,0.01910442776422998,-0.012511561703006957,-0.01951340145466233,-0.005509721951351588,0.11984124156685898,0.11569457137190711,0.12398791176181084,0.002625491434758929,-0.00230470263056534,0.007555685500083198,0.00019572228493758807,-0.006528826497966195,0.006920271067841371
GBM01-N1-100-N2-025,100,25,5400,250,50,S08,screen,0.0,3000,2974,1500,1500,0.06366666666666666,0.05311960616002069,0.07613948580367934,0.035333333333333335,0.028333333333333332,0.008666666666666666,0.005263710049998545,0.014238124598201514,-0.006781862178628576,-0.013939185579991617,0.00037546122273446423,0.12144489879689957,0.11715367238465058,0.12573612520914856,0.0029073441522297467,-0.0018256623426888322,0.007640350647148325,-0.0009373416270775229,-0.007613729679841575,0.005739046425686529
GBM01-N1-100-N2-025,100,25,5400,250,50,S09,screen,0.0,3000,2925,1500,1500,0.07,0.05892559454542119,0.0829722118970334,0.03866666666666667,0.03133333333333333,0.025,0.01863954251480104,0.03345687157860811,-0.012128942560676254,-0.01922478326666544,-0.005033101854687069,0.12015526834857652,0.1159214900683291,0.12438904662882395,-0.04930237245677196,-0.05433288025613336,-0.04427186465741056,0.005796637200732295,-0.0008229333467631387,0.012416207748227728
GBM01-N1-100-N2-040,100,40,6480,280,80,S01,screen,0.0,3000,2969,1500,1500,0.056666666666666664,0.04673993662874993,0.06855004985843194,0.029666666666666668,0.027,0.010333333333333333,0.006542037223830099,0.01628577491877905,-0.007903431292659517,-0.013445538007939824,-0.00236132457737921,0.09362338669751036,0.09026781387725076,0.09697895951776996,-0.00023373380248489396,-0.004645783020774866,0.004178315415805077,-0.00012015836725823048,-0.005454661897554389,0.005214345163037928
GBM01-N1-100-N2-040,100,40,6480,280,80,S02,screen,0.0,3000,2975,1500,1500,0.06166666666666667,0.05129257997229359,0.07397533899811556,0.034666666666666665,0.027,0.008333333333333333,0.005012239024984865,0.01382440012433338,-0.0039054751793284816,-0.009555372972012952,0.0017444226133559895,0.09568171767539424,0.09228600153407264,0.09907743381671584,-0.003823759321379867,-0.008230007301171672,0.0005824886584119373,-0.0010101816198653324,-0.006186543093566532,0.004166179853835867
GBM01-N1-100-N2-040,100,40,6480,280,80,S03,screen,0.0,3000,2956,1500,1500,0.057666666666666665,0.047648679288635046,0.06963689369519227,0.024333333333333332,0.03333333333333333,0.014666666666666666,0.009989802668128874,0.02148555095994391,-0.007691749404859995,-0.01311581412720348,-0.0022676846825165093,0.09224962892287827,0.08901764395651908,0.09548161388923747,-0.003793793595524533,-0.00829572417057876,0.0007081369795296937,-0.0013684091787458006,-0.006577876055572877,0.003841057698081276
GBM01-N1-100-N2-040,100,40,6480,280,80,S04,screen,0.0,3000,2968,1500,1500,0.06266666666666666,0.05220568587476399,0.0750578195922906,0.033666666666666664,0.029,0.010666666666666666,0.00680144026857975,0.01669156737291122,-0.006486211046055774,-0.012409079051897663,-0.0005633430402138852,0.10020901783355142,0.09664270906580824,0.1037753266012946,-0.0024958933493055262,-0.006745262186616269,0.001753475488005216,-0.004075244594195925,-0.009356473716314529,0.0012059845279226789
GBM01-N1-100-N2-040,100,40,6480,280,80,S05,screen,0.0,3000,2962,1500,1500,0.06233333333333333,0.05190122586079068,0.07469708410738211,0.03333333333333333,0.029,0.012666666666666666,0.008379752870551895,0.01910442776422998,-0.004594419735760344,-0.01025826870093683,0.0010694292294161417,0.09557201600905246,0.09215743834665491,0.09898659367145002,0.005534587456178485,0.0011088437512940868,0.009960331161062885,0.0026566702210478253,-0.002588600882422663,0.007901941324518314
GBM01-N1-100-N2-040,100,40,6480,280,80,S06,screen,0.0,3000,2977,1500,1500,0.062,0.05159685699975265,0.0743362574695383,0.03233333333333333,0.029666666666666668,0.007666666666666666,0.004514125223704802,0.012992122927849806,-0.008616624886321433,-0.014147039477395332,-0.0030862102952475346,0.09420177043216041,0.09089015820302955,0.09751338266129127,0.0037171577174080284,-0.0006328301903887222,0.008067145625204778,0.002096375724017663,-0.003228254441342373,0.007421005889377699
GBM01-N1-100-N2-040,100,40,6480,280,80,S07,screen,0.0,3000,2978,1500,1500,0.065,0.054339402904491144,0.07758047105473619,0.033,0.032,0.007333333333333333,0.004267676697941736,0.012573375954731052,-0.0071214852403253615,-0.012781689815900069,-0.0014612806647506553,0.09573118692142557,0.09230687097958487,0.09915550286326627,-0.0006758751120463328,-0.004960120927946648,0.0036083707038539825,-0.004090349616490295,-0.009404520146521671,0.0012238209135410818
GBM01-N1-100-N2-040,100,40,6480,280,80,S08,screen,0.0,3000,2969,1500,1500,0.05466666666666667,0.04492528526158589,0.06637352823230508,0.025666666666666667,0.029,0.010333333333333333,0.006542037223830099,0.01628577491877905,-0.005308446310765779,-0.010967734946112816,0.0003508423245812591,0.09593971561786986,0.09254645013527342,0.0993329811004663,0.0019665607355370705,-0.0022668478333737804,0.006199969304447921,-0.00044037450024510646,-0.005736608016920101,0.004855859016429889
GBM01-N1-100-N2-040,100,40,6480,280,80,S09,screen,0.0,3000,2935,1500,1500,0.06066666666666667,0.05038030683446497,0.07289202563929871,0.035666666666666666,0.025,0.021666666666666667,0.015801881389238222,0.029642577715352746,-0.009090174270526628,-0.014614291687763015,-0.003566056853290242,0.09194109674997479,0.08853714417370795,0.09534504932624163,-0.0397999348833436,-0.044137577691935895,-0.03546229207475131,-0.002978813250268045,-0.008383918988091153,0.0024262924875550636
GBM01-N1-100-N2-050,100,50,7200,300,100,S01,screen,0.0,3000,2969,1500,1500,0.05466666666666667,0.04492528526158589,0.06637352823230508,0.028333333333333332,0.026333333333333334,0.010333333333333333,0.006542037223830099,0.01628577491877905,-0.00532198155835079,-0.010185465481988471,-0.0004584976347131089,0.08243491553693608,0.0795150572778495,0.08535477379602266,0.0003155517153363467,-0.003758719873107032,0.0043898233037797255,-0.00026421427925601846,-0.005072804815255908,0.004544376256743872
GBM01-N1-100-N2-050,100,50,7200,300,100,S02,screen,0.0,3000,2973,1500,1500,0.05633333333333333,0.04643722944098404,0.068187561547316,0.028666666666666667,0.027666666666666666,0.009,0.0055166755619983614,0.014650354585083519,-0.0055466734622578034,-0.010585532632581104,-0.0005078142919345031,0.08462487944784995,0.08154733968707954,0.08770241920862036,0.0015002756518283358,-0.002518344239177909,0.0055188955428345805,-0.0049938151542426755,-0.009698476600015767,-0.00028915370846958454
GBM01-N1-100-N2-050,100,50,7200,300,100,S03,screen,0.0,3000,2966,1500,1500,0.06266666666666666,0.05220568587476399,0.0750578195922906,0.03266666666666666,0.03,0.011333333333333334,0.007323548324461517,0.01749985031479309,-0.005439332678921229,-0.010085162474099412,-0.0007935028837430455,0.07862379144759866,0.07582791814075504,0.08141966475444229,-0.002331806335990628,-0.006393203656328059,0.0017295909843468025,0.002117297392813098,-0.002533477262155749,0.006768072047781945
GBM01-N1-100-N2-050,100,50,7200,300,100,S04,screen,0.0,3000,2973,1500,1500,0.059,0.04886175450263722,0.07108460047671737,0.033666666666666664,0.025333333333333333,0.009,0.0055166755619983614,0.014650354585083519,-0.007619875423900419,-0.013127473107674915,-0.0021122777401259233,0.09377030717158552,0.09047888682823717,0.09706172751493387,6.0178820520218216e-05,-0.003898050057354744,0.00401840769839518,-0.0003921858491984423,-0.005028033816351323,0.004243662117954438
GBM01-N1-100-N2-050,100,50,7200,300,100,S05,screen,0.0,3000,2971,1500,1500,0.06233333333333333,0.05190122586079068,0.07469708410738211,0.032,0.030333333333333334,0.009666666666666667,0.006026789013377336,0.015470632131468182,-0.004087827972885171,-0.009056148699685549,0.0008804927539152073,0.08385161373655162,0.0808492352358375,0.08685399223726574,0.004377103012162185,0.00038807970096691423,0.008366126323357455,0.002027594475261319,-0.0027377927896380405,0.006792981740160679
GBM01-N1-100-N2-050,100,50,7200,300,100,S06,screen,0.0,3000,2970,1500,1500,0.06466666666666666,0.054034323152400435,0.07722035530794506,0.034666666666666665,0.03,0.01,0.006283801751578197,0.015878814892149137,-0.0036385896200678246,-0.008713355618595646,0.0014361763784599968,0.08589851657025886,0.08284994324343217,0.08894708989708555,0.0032923374731399944,-0.0006322684954831684,0.007216943441763157,0.0019737737908845313,-0.0026610681508165233,0.006608615732585586
GBM01-N1-100-N2-050,100,50,7200,300,100,S07,screen,0.0,3000,2964,1500,1500,0.06166666666666667,0.05129257997229359,0.07397533899811556,0.033666666666666664,0.028,0.012,0.007849758859317126,0.018304030777701114,-0.003265906044704168,-0.00831061058722462,0.001778798497816282,0.08559407940597985,0.08258286541900398,0.08860529339295573,0.002355478762095293,-0.0015478531366959498,0.006258810660886536,-0.0030090490641172013,-0.007762070388451347,0.0017439722602169447
GBM01-N1-100-N2-050,100,50,7200,300,100,S08,screen,0.0,3000,2964,1500,1500,0.056666666666666664,0.04673993662874993,0.06855004985843194,0.028666666666666667,0.028,0.012,0.007849758859317126,0.018304030777701114,-0.005852662572274329,-0.011005977732443346,-0.000699347412105312,0.08719321707506972,0.0840933601975203,0.09029307395261914,0.0028398146110909,-0.00104575117563675,0.00672538039781855,0.0008989267231412077,-0.0037551700727537904,0.005553023519036206
GBM01-N1-100-N2-050,100,50,7200,300,100,S09,screen,0.0,3000,2914,1500,1500,0.05566666666666667,0.045832130759024564,0.06746226923151186,0.031,0.024666666666666667,0.028666666666666667,0.021799279791656086,0.03761428478945306,-0.0053949911318687165,-0.010477574372039635,-0.00031240789169779785,0.0854761194664556,0.08243345631372749,0.08851878261918371,-0.030816016061898363,-0.034872303269311344,-0.026759728854485382,0.00564421735600362,0.0009462828490154557,0.010342151862991783
GBM01-N1-100-N2-075,100,75,9000,350,150,S01,screen,0.0,3000,2969,1500,1500,0.05333333333333334,0.04371769460207437,0.06492033689628932,0.02666666666666667,0.02666666666666667,0.010333333333333333,0.006542037223830099,0.01628577491877905,-0.002345257106520298,-0.006359797410395138,0.0016692831973545426,0.06754908226188004,0.06511420686669692,0.06998395765706317,-9.64863237263035e-05,-0.0035951759506575045,0.0034022033032048977,0.001687340503993475,-0.0021208327212995466,0.005495513729286496
GBM01-N1-100-N2-075,100,75,9000,350,150,S02,screen,0.0,3000,2963,1500,1500,0.05433333333333333,0.04462322107290078,0.06601039692210836,0.032,0.022333333333333334,0.012333333333333333,0.008114301233505893,0.01870468390239417,-0.0009406390715802904,-0.00509165604811065,0.0032103779049500692,0.06925453147368985,0.06670709528623853,0.07180196766114116,0.00024077330891936438,-0.0032049933337871634,0.0036865399516258918,0.0019387581510239749,-0.0018949829754181088,0.005772499277466058
GBM01-N1-100-N2-075,100,75,9000,350,150,S03,screen,0.0,3000,2982,1500,1500,0.04666666666666667,0.03770830990906398,0.05762581161166335,0.021666666666666667,0.025,0.006,0.0033020669503808645,0.010878203706764653,-0.003480233793778476,-0.007319185629380821,0.0003587180418238695,0.06473621359668082,0.06240448102753781,0.06706794616582382,0.0015596283150811946,-0.0018740875209048184,0.004993344151067208,-0.00041516466008506374,-0.004262767884302389,0.003432438564132261
GBM01-N1-100-N2-075,100,75,9000,350,150,S04,screen,0.0,3000,2970,1500,1500,0.060333333333333336,0.05007640413115069,0.07253073284373118,0.035,0.025333333333333333,0.01,0.006283801751578197,0.015878814892149137,-0.006074828102381035,-0.010439958682846959,-0.0017096975219151123,0.0739674578250816,0.07133872347730214,0.07659619217286107,0.0010385047875245664,-0.0023255997514728282,0.0044026093265219605,-0.0005651955289913323,-0.004431061623954821,0.003300670565972156
GBM01-N1-100-N2-075,100,75,9000,350,150,S05,screen,0.0,3000,2983,1500,1500,0.050333333333333334,0.041007344015243544,0.06164392799318377,0.025666666666666667,0.024666666666666667,0.005666666666666667,0.0030664585674373608,0.01044861659082634,-0.005847075097558042,-0.00980706092264513,-0.0018870892724709544,0.06738179696350466,0.06500367685196604,0.06975991707504328,0.0013481145327913615,-0.0021241712261922526,0.004820400291774976,0.0008380000212030507,-0.002927383187958385,0.004603383230364486
GBM01-N1-100-N2-075,100,75,9000,350,150,S06,screen,0.0,3000,2963,1500,1500,0.059333333333333335,0.04916527123664498,0.07144627924159143,0.034666666666666665,0.024666666666666667,0.012333333333333333,0.008114301233505893,0.01870468390239417,-0.00395111433204212,-0.008117879930607957,0.00021565126652371615,0.07026337575831275,0.06774581200071676,0.07278093951590874,3.600988143776905e-06,-0.0034697124945500435,0.003476914470837597,-0.0012702221145845616,-0.005055685971773372,0.0025152417426042486
GBM01-N1-100-N2-075,100,75,9000,350,150,S07,screen,0.0,3000,2969,1500,1500,0.06466666666666666,0.054034323152400435,0.07722035530794506,0.032,0.03266666666666666,0.010333333333333333,0.006542037223830099,0.01628577491877905,-0.003791623731860614,-0.007890059497131051,0.0003068120334098236,0.06949812581307414,0.06704211644113486,0.07195413518501342,0.0028683859344794892,-0.0005294943708620452,0.006266266239821024,-9.513276400014141e-05,-0.004000152253478575,0.003809886725478292
GBM01-N1-100-N2-075,100,75,9000,350,150,S08,screen,0.0,3000,2968,1500,1500,0.056,0.04613462719335834,0.06782496829605988,0.027666666666666666,0.028333333333333332,0.010666666666666666,0.00680144026857975,0.01669156737291122,-0.004190457203055388,-0.00832361593321565,-5.729847289512747e-05,0.06988690674136265,0.06739690346940301,0.07237691001332229,0.003513614591544287,0.0001498224697785073,0.006877406713310066,0.0006904204298009862,-0.003117911299103951,0.004498752158705923
GBM01-N1-100-N2-075,100,75,9000,350,150,S09,screen,0.0,3000,2929,1500,1500,0.059,0.04886175450263722,0.07108460047671737,0.028,0.031,0.023666666666666666,0.017500105521905736,0.031935526575976134,-0.003992296058248702,-0.008159703494923,0.00017511137842559418,0.07045061288401142,0.0679693820293834,0.07293184373863944,-0.02164787857435524,-0.025090778282849134,-0.018204978865861345,0.002955718297421847,-0.0008131238537802629,0.006724560448623957
GBM01-N1-100-N2-100,100,100,10800,400,200,S01,screen,0.0,3000,2967,1500,1500,0.054,0.04432126726140508,0.06564715523472224,0.026333333333333334,0.027666666666666666,0.011,0.007061959784684468,0.017096243355688316,-0.0035768233188747714,-0.007071142854401675,-8.250378334786817e-05,0.05876606138214134,0.056641544136820786,0.060890578627461896,-0.00109864577729107,-0.004192344220149628,0.001995052665567489,-0.0005110144486942637,-0.0037877913693366207,0.002765762471948093
GBM01-N1-100-N2-100,100,100,10800,400,200,S02,screen,0.0,3000,2968,1500,1500,0.055,0.04522745888733454,0.06673655010543823,0.029333333333333333,0.025666666666666667,0.010666666666666666,0.00680144026857975,0.01669156737291122,-0.0023642418065243156,-0.00586932089516929,0.0011408372821206584,0.058721087048438404,0.05657931577284888,0.06086285832402793,-0.0003079551287075754,-0.003414904909550173,0.002798994652135022,0.0014957534073637977,-0.001783541966031813,0.004775048780759408
GBM01-N1-100-N2-100,100,100,10800,400,200,S03,screen,0.0,3000,2972,1500,1500,0.04833333333333333,0.03920592532713859,0.05945417368799782,0.029333333333333333,0.019,0.009333333333333334,0.00577105869837476,0.015061166947588942,-0.002512153936845571,-0.0059551778516819046,0.0009308699779907617,0.05832543798161012,0.05625869829987771,0.06039217766334253,-0.0009512794740523125,-0.003959625265017723,0.002057066316913098,0.001174257151756228,-0.002117906167247031,0.004466420470759487
GBM01-N1-100-N2-100,100,100,10800,400,200,S04,screen,0.0,3000,2964,1500,1500,0.051666666666666666,0.04221076318560183,0.06310129081835276,0.027333333333333334,0.024333333333333332,0.012,0.007849758859317126,0.018304030777701114,-0.0020847303505272005,-0.005844549331852256,0.0016750886307978548,0.06394598041333119,0.061712265763301015,0.06617969506336137,-0.0003762063952720764,-0.0033901715210628834,0.0026377587305187306,-0.0009103576369221228,-0.004208812435089084,0.0023880971612448383
GBM01-N1-100-N2-100,100,100,10800,400,200,S05,screen,0.0,3000,2973,1500,1500,0.052333333333333336,0.04281318778150576,0.06382925722021249,0.026,0.026333333333333334,0.009,0.0055166755619983614,0.014650354585083519,-0.0021425663060760255,-0.005718264343562807,0.0014331317314107569,0.060702220137363955,0.05856452161966556,0.06283991865506235,-0.00044658726057851685,-0.003465788919962187,0.002572614398805154,-0.0013864047748886553,-0.004702912985655933,0.0019301034358786221
GBM01-N1-100-N2-100,100,100,10800,400,200,S06,screen,0.0,3000,2973,1500,1500,0.05366666666666667,0.04401942478148128,0.06528380221576421,0.029666666666666668,0.024,0.009,0.0055166755619983614,0.014650354585083519,-0.0015457602603876407,-0.005062858454447267,0.0019713379336719853,0.05953471686235127,0.05742223222575771,0.06164720149894483,0.00231352569103905,-0.0006826214452981595,0.005309672827376259,0.0006804424078527944,-0.002603400621082376,0.003964285436787965
GBM01-N1-100-N2-100,100,100,10800,400,200,S07,screen,0.0,3000,2979,1500,1500,0.058,0.04795179775338438,0.06999897072932477,0.028333333333333332,0.029666666666666668,0.007,0.0040231137598159905,0.012152743393974982,-0.003531196701589788,-0.007090689354318029,2.8295951138452517e-05,0.059570920712902375,0.057381998173817984,0.06175984325198677,0.0035336523818911758,0.0005361015314319295,0.006531203232350422,0.00019567147501130995,-0.003117812410561077,0.003509155360583697
GBM01-N1-100-N2-100,100,100,10800,400,200,S08,screen,0.0,3000,2971,1500,1500,0.06666666666666667,0.05586607986397509,0.07937977158966131,0.029333333333333333,0.037333333333333336,0.009666666666666667,0.006026789013377336,0.015470632131468182,-0.0022473228725576806,-0.005829371078504152,0.0013347253333887907,0.060670177378818614,0.058520900576978944,0.06281945418065829,0.0008130436120486381,-0.00215954665711514,0.0037856338812124165,-7.924267380637e-05,-0.003413609355492305,0.0032551240078795654
GBM01-N1-100-N2-100,100,100,10800,400,200,S09,screen,0.0,3000,2906,1500,1500,0.05433333333333333,0.04462322107290078,0.06601039692210836,0.028,0.026333333333333334,0.03133333333333333,0.024118444345525535,0.040616684226638146,-0.0028630586762240272,-0.006427615765570126,0.0007014984131220718,0.059366658478755184,0.05720443534609528,0.061528881611415086,-0.018966415904410852,-0.022031145023661748,-0.015901686785159956,0.0016980447435680957,-0.001675554879188806,0.005071644366324997
GBM01-N1-100-N2-150,100,150,14400,500,300,S01,screen,0.0,3000,2968,1500,1500,0.05266666666666667,0.043114575095298605,0.06419306540530144,0.029333333333333333,0.023333333333333334,0.010666666666666666,0.00680144026857975,0.01669156737291122,-5.2108741395608226e-05,-0.002884030250882919,0.002779812768091703,0.047910081959080766,0.046211024795585726,0.04960913912257581,-0.0012864640806864523,-0.003879724191010735,0.0013067960296378304,-0.00015362100815225315,-0.002841136012642793,0.0025338939963382863
GBM01-N1-100-N2-150,100,150,14400,500,300,S02,screen,0.0,3000,2976,1500,1500,0.048666666666666664,0.039505843779537655,0.05981945073448057,0.021666666666666667,0.027,0.008,0.004762346616820028,0.013409097033616398,-0.0031486374156905524,-0.006016094588661824,-0.00028118024271928067,0.048865524167194224,0.04715701023198183,0.05057403810240662,-0.00012072668998940498,-0.0026682470059888404,0.0024267936260100307,0.00020720209313220033,-0.002506174776283186,0.002920578962547587
GBM01-N1-100-N2-150,100,150,14400,500,300,S03,screen,0.0,3000,2961,1500,1500,0.05,0.040706793573359636,0.061279282936185876,0.023666666666666666,0.026333333333333334,0.013,0.008646080030504492,0.019503296103159207,-0.0021844875993924096,-0.004924653726433671,0.0005556785276488526,0.045881317483862726,0.04420781948666405,0.0475548154810614,0.0005003504076990967,-0.002041003429396816,0.0030417042447950095,0.0009878819165271993,-0.0017636904561777512,0.00373945428923215
GBM01-N1-100-N2-150,100,150,14400,500,300,S04,screen,0.0,3000,2979,1500,1500,0.062,0.05159685699975265,0.0743362574695383,0.036333333333333336,0.025666666666666667,0.007,0.0040231137598159905,0.012152743393974982,-0.0007023227029968157,-0.0038559441475133145,0.002451298741519683,0.05354499774795166,0.051658549623366405,0.05543144587253692,0.0010654607867773252,-0.0014993510403260213,0.0036302726138806715,0.0007560200285751822,-0.001974761757878602,0.0034868018150289665
GBM01-N1-100-N2-150,100,150,14400,500,300,S05,screen,0.0,3000,2967,1500,1500,0.04533333333333334,0.03651266989143924,0.05616066963376082,0.027666666666666666,0.017666666666666667,0.011,0.007061959784684468,0.017096243355688316,-0.0013938194087006006,-0.004263681935696151,0.0014760431182949494,0.04847130602012786,0.04674366776660374,0.050198944273651985,0.0007039287577166281,-0.0018872372165330531,0.0032950947319663093,0.0002404600088375317,-0.0024638412984028316,0.0029447613160778954
GBM01-N1-100-N2-150,100,150,14400,500,300,S06,screen,0.0,3000,2974,1500,1500,0.059333333333333335,0.04916527123664498,0.07144627924159143,0.03233333333333333,0.027,0.008666666666666666,0.005263710049998545,0.014238124598201514,-0.0004430967844618891,-0.003326379682360273,0.0024401861134364946,0.048848164231825954,0.047119418839846695,0.05057690962380521,0.0024575054692031837,-0.00016741470916020653,0.005082425647566574,0.0005546223189782378,-0.0022047458183757263,0.003313990456332202
GBM01-N1-100-N2-150,100,150,14400,500,300,S07,screen,0.0,3000,2968,1500,1500,0.04766666666666667,0.038606479906424955,0.05872322811094783,0.024,0.023666666666666666,0.010666666666666666,0.00680144026857975,0.01669156737291122,-0.0003824824344510913,-0.0032775720316684364,0.0025126071627662536,0.04864078433761559,0.04688262771896477,0.0503989409562664,0.002258673770565038,-0.00033050699444626573,0.004847854535576342,-0.0007854114425525454,-0.0034261930981052723,0.0018553702130001814
GBM01-N1-100-N2-150,100,150,14400,500,300,S08,screen,0.0,3000,2959,1500,1500,0.05,0.040706793573359636,0.061279282936185876,0.026333333333333334,0.023666666666666666,0.013666666666666667,0.009181236074875046,0.020298531056552285,-0.0004407793017264279,-0.0034168946334203806,0.002535336029967525,0.050066205373942865,0.048267524852775474,0.051864885895110256,0.0008914530910533782,-0.0016536665059978515,0.003436572688104608,-0.0020529139710120767,-0.004739536393347379,0.0006337084513232255
GBM01-N1-100-N2-150,100,150,14400,500,300,S09,screen,0.0,3000,2897,1500,1500,0.06,0.0497725968037077,0.07216934467229234,0.032,0.028,0.034333333333333334,0.02674584943914229,0.043976038622957764,-0.003291847854024736,-0.0062178496507577,-0.0003658460572917724,0.04920734854207102,0.04746412287252579,0.050950574211616244,-0.01377897012407353,-0.016375668562239393,-0.011182271685907668,0.0007045902161120841,-0.002057961320308445,0.0034671417525326135
GBM01-N1-100-N2-200,100,200,18000,600,400,S01,screen,0.0,3000,2967,1500,1500,0.054,0.04432126726140508,0.06564715523472224,0.025666666666666667,0.028333333333333332,0.011,0.007061959784684468,0.017096243355688316,-0.00021884469298389788,-0.0026623624942445786,0.002224673108276783,0.04129257569560647,0.03982402005786751,0.042761131333345435,-0.0015968518946495812,-0.0038862837849172097,0.0006925799956180472,0.0015076523715425016,-0.0008575468477951633,0.0038728515908801665
GBM01-N1-100-N2-200,100,200,18000,600,400,S02,screen,0.0,3000,2972,1500,1500,0.05,0.040706793573359636,0.061279282936185876,0.02666666666666667,0.023333333333333334,0.009333333333333334,0.00577105869837476,0.015061166947588942,-0.0029810667864144085,-0.00545176288508511,-0.000510370687743707,0.04169271366520204,0.04019530979487608,0.043190117535528,0.0005113353765669708,-0.0017799113141490895,0.002802582067283031,0.00019448910760553324,-0.0021793555976793054,0.002568333812890372
GBM01-N1-100-N2-200,100,200,18000,600,400,S03,screen,0.0,3000,2973,1500,1500,0.049,0.0398058910508698,0.06018459896203026,0.027333333333333334,0.021666666666666667,0.009,0.0055166755619983614,0.014650354585083519,-0.00025054387647859753,-0.0025847151247854034,0.0020836273718282086,0.03937148930706087,0.037961555130325564,0.04078142348379618,-0.0006450424723806866,-0.00295304171350458,0.001662956768743207,0.00031018796245633584,-0.0020586801065642433,0.0026790560314769152
GBM01-N1-100-N2-200,100,200,18000,600,400,S04,screen,0.0,3000,2970,1500,1500,0.05333333333333334,0.04371769460207437,0.06492033689628932,0.02666666666666667,0.02666666666666667,0.01,0.006283801751578197,0.015878814892149137,4.864199155501789e-06,-0.0026911998235422726,0.002700928221853276,0.045526218484318544,0.043902337376373904,0.047150099592263184,-0.0005934886322871688,-0.00283676031056514,0.001649783045990802,-0.0009293692560814532,-0.0033190606707892336,0.0014603221586263274
GBM01-N1-100-N2-200,100,200,18000,600,400,S05,screen,0.0,3000,2970,1500,1500,0.05433333333333333,0.04462322107290078,0.06601039692210836,0.023666666666666666,0.030666666666666665,0.01,0.006283801751578197,0.015878814892149137,-0.0023625016726474897,-0.004898918684192324,0.0001739153388973444,0.042937421647237246,0.04141233253436529,0.0444625107601092,0.0005923643056837415,-0.0016919508828891284,0.0028766794942566114,-0.00046888399270620724,-0.0028101746446969706,0.001872406659284556
GBM01-N1-100-N2-200,100,200,18000,600,400,S06,screen,0.0,3000,2962,1500,1500,0.053,0.04341607770700619,0.06455675829247567,0.029333333333333333,0.023666666666666666,0.012666666666666666,0.008379752870551895,0.01910442776422998,-0.0017570090573142206,-0.004256604411791084,0.0007425862971626425,0.042274779480409405,0.04077467924768079,0.043774879713138024,0.0021829019301725814,-6.27530102775835e-05,0.004428556870622746,-0.0008859253622661912,-0.003167426551863544,0.001395575827331162
GBM01-N1-100-N2-200,100,200,18000,600,400,S07,screen,0.0,3000,2967,1500,1500,0.05633333333333333,0.04643722944098404,0.068187561547316,0.029333333333333333,0.027,0.011,0.007061959784684468,0.017096243355688316,-0.0014471655790905488,-0.0040403195421390955,0.001145988383957998,0.04393005471779151,0.04237696485875727,0.04548314457682575,0.0009310192673596639,-0.0012921787603535403,0.003154217295072868,0.0004347264797442471,-0.001882244937331563,0.0027516978968200574
GBM01-N1-100-N2-200,100,200,18000,600,400,S08,screen,0.0,3000,2966,1500,1500,0.061,0.05068430418606185,0.07325322378658364,0.034666666666666665,0.026333333333333334,0.011333333333333334,0.007323548324461517,0.01749985031479309,-0.0021653833821745844,-0.004628328967932654,0.0002975622035834855,0.04178244648436231,0.04030935136532193,0.043255541603402684,0.0024689414666705122,0.00021707434318792018,0.004720808590153104,-0.0012574989829992314,-0.00361037613521018,0.0010953781692117175
GBM01-N1-100-N2-200,100,200,18000,600,400,S09,screen,0.0,3000,2922,1500,1500,0.052333333333333336,0.04281318778150576,0.06382925722021249,0.026333333333333334,0.026,0.026,0.01949762986873969,0.03459437072131491,-0.0016879880570043213,-0.004238145964841091,0.0008621698508324484,0.0431623085182462,0.041652968913353135,0.044671648123139264,-0.010927336931099919,-0.01316355818551681,-0.008691115676683027,0.002435468955943838,0.0001164747247013923,0.004754463187186284
GBM01-N1-150-N2-025,150,25,7200,350,50,S01,screen,0.0,3000,2973,1500,1500,0.065,0.054339402904491144,0.07758047105473619,0.03266666666666666,0.03233333333333333,0.009,0.0055166755619983614,0.014650354585083519,-0.01129772685198169,-0.018333579978648193,-0.004261873725315185,0.11911034866812477,0.11485411412171037,0.12336658321453917,-0.0011922725074413282,-0.005869874943892814,0.0034853299290101584,0.0013070460274670454,-0.005243353523715491,0.007857445578649582
GBM01-N1-150-N2-025,150,25,7200,350,50,S02,screen,0.0,3000,2973,1500,1500,0.059,0.04886175450263722,0.07108460047671737,0.03133333333333333,0.027666666666666666,0.009,0.0055166755619983614,0.014650354585083519,-0.009625279719679674,-0.016671469846876934,-0.0025790895924824144,0.11972509969506442,0.11549955855167784,0.123950640838451,2.458731848913185e-05,-0.004716101629241316,0.00476527626621958,-0.00021502779024838107,-0.006812390747135676,0.006382335166638914
GBM01-N1-150-N2-025,150,25,7200,350,50,S03,screen,0.0,3000,2969,1500,1500,0.059333333333333335,0.04916527123664498,0.07144627924159143,0.032,0.027333333333333334,0.010333333333333333,0.006542037223830099,0.01628577491877905,-0.012854360144778898,-0.019763767618755097,-0.005944952670802699,0.11774911839596348,0.11361212413191518,0.12188611266001179,0.005507617311458372,0.0007902519650679158,0.010224982657848828,0.004262414439661504,-0.0024109265414672945,0.010935755420790304
GBM01-N1-150-N2-025,150,25,7200,350,50,S04,screen,0.0,3000,2965,1500,1500,0.07633333333333334,0.06475968146600022,0.08977683945520892,0.03833333333333333,0.038,0.011666666666666667,0.007586161737740677,0.017902432400395754,-0.009531938538646367,-0.017339400502151034,-0.0017244765751416999,0.13204197381593755,0.1273375592436075,0.13674638838826758,-0.001750419240439869,-0.006150149823673044,0.0026493113427933064,0.0045170247367503835,-0.0021228651011055352,0.011156914574606302
GBM01-N1-150-N2-025,150,25,7200,350,50,S05,screen,0.0,3000,2967,1500,1500,0.06333333333333334,0.05281487668315638,0.07577901978166185,0.031,0.03233333333333333,0.011,0.007061959784684468,0.017096243355688316,-0.014644781489411455,-0.02167753536257963,-0.007612027616243277,0.12008251556588241,0.11587745946201951,0.12428757166974531,0.0057383275900135915,0.0009964623495855793,0.010480192830441604,-0.001054781840262028,-0.0076790391210120835,0.005569475440488028
GBM01-N1-150-N2-025,150,25,7200,350,50,S06,screen,0.0,3000,2982,1500,1500,0.06766666666666667,0.05678308743718284,0.08045835051309903,0.035,0.03266666666666666,0.006,0.0033020669503808645,0.010878203706764653,-0.012153454612178781,-0.019302631681578857,-0.005004277542778704,0.12110204001051834,0.11676641872299102,0.12543766129804568,0.008067655150952686,0.003543369366779542,0.01259194093512583,0.0003195296766053174,-0.0062736592328135245,0.00691271858602416
GBM01-N1-150-N2-025,150,25,7200,350,50,S07,screen,0.0,3000,2973,1500,1500,0.07033333333333333,0.05923198176815219,0.0833310201731842,0.03866666666666667,0.03166666666666667,0.009,0.0055166755619983614,0.014650354585083519,-0.006310544395244922,-0.013526207937340008,0.0009051191468501633,0.1226271132007159,0.11831617813950732,0.12693804826192448,0.0038177223188209453,-0.0007082644091475606,0.008343709046789452,0.0007315534025630266,-0.005897041407899378,0.007360148213025431
GBM01-N1-150-N2-025,150,25,7200,350,50,S08,screen,0.0,3000,2961,1500,1500,0.062,0.05159685699975265,0.0743362574695383,0.032,0.03,0.013,0.008646080030504492,0.019503296103159207,-0.01069086533961729,-0.0178268592712578,-0.0035548714079767767,0.12036752623794346,0.1160428633961345,0.12469218907975242,0.004871479842930587,0.000524719307865993,0.009218240377995181,0.0013330062365172984,-0.005098378051114593,0.00776439052414919
GBM01-N1-150-N2-025,150,25,7200,350,50,S09,screen,0.0,3000,2905,1500,1500,0.06066666666666667,0.05038030683446497,0.07289202563929871,0.030666666666666665,0.03,0.03166666666666667,0.02440946237176041,0.040990861699285105,-0.007050316263260595,-0.014228339546903352,0.0001277070203821633,0.12033250417981571,0.1160249881030928,0.12464002025653863,-0.06409765058017909,-0.06866860399951433,-0.05952669716084385,0.0008073626060270046,-0.005836724201625074,0.007451449413679083
GBM01-N1-150-N2-040,150,40,8280,380,80,S01,screen,0.0,3000,2958,1500,1500,0.056666666666666664,0.04673993662874993,0.06855004985843194,0.029666666666666668,0.027,0.014,0.009450007097834473,0.02069495553247468,-0.007462686347787138,-0.013051568841162485,-0.0018738038544117916,0.09416073734925755,0.09077450805900969,0.0975469666395054,-0.0007832902862784063,-0.004833450842328639,0.0032668702697718262,0.003502703636835118,-0.0016662399452152775,0.008671647218885513
GBM01-N1-150-N2-040,150,40,8280,380,80,S02,screen,0.0,3000,2965,1500,1500,0.051666666666666666,0.04221076318560183,0.06310129081835276,0.027,0.024666666666666667,0.011666666666666667,0.007586161737740677,0.017902432400395754,-0.0007877720081123195,-0.006408028755827465,0.004832484739602826,0.09472575505856136,0.09133418648534967,0.09811732363177304,0.0008300289586973652,-0.0032841297401538247,0.004944187657548556,-0.001571096388421119,-0.006742921230203603,0.003600728453361365
GBM01-N1-150-N2-040,150,40,8280,380,80,S03,screen,0.0,3000,2973,1500,1500,0.05,0.040706793573359636,0.061279282936185876,0.026333333333333334,0.023666666666666666,0.009,0.0055166755619983614,0.014650354585083519,-0.00316806449286798,-0.00853880775128035,0.0022026787655443896,0.09152012703777948,0.08833135282830414,0.09470890124725483,-0.0018412479843153873,-0.0060129964791624645,0.0023305005105316895,-0.0003293144377176784,-0.005500110104272964,0.004841481228837607
GBM01-N1-150-N2-040,150,40,8280,380,80,S04,screen,0.0,3000,2967,1500,1500,0.06133333333333333,0.05098839546809815,0.07361432800342917,0.035,0.026333333333333334,0.011,0.007061959784684468,0.017096243355688316,-0.008538240193958189,-0.014709504356278786,-0.0023669760316375917,0.10425665545705289,0.10052399055615205,0.10798932035795372,-0.0006603027104944796,-0.004606395948175623,0.0032857905271866635,-3.833988514094363e-05,-0.005247711702323527,0.0051710319320416405
GBM01-N1-150-N2-040,150,40,8280,380,80,S05,screen,0.0,3000,2982,1500,1500,0.05366666666666667,0.04401942478148128,0.06528380221576421,0.027,0.02666666666666667,0.006,0.0033020669503808645,0.010878203706764653,-0.004964269845548565,-0.01049563762001218,0.0005670979289150516,0.09482843083328622,0.09156711670996137,0.09808974495661107,0.0011659240777131062,-0.002924532408301904,0.005256380563728117,0.0026105745683017716,-0.002511607226458669,0.007732756363062213
GBM01-N1-150-N2-040,150,40,8280,380,80,S06,screen,0.0,3000,2961,1500,1500,0.06233333333333333,0.05190122586079068,0.07469708410738211,0.034333333333333334,0.028,0.013,0.008646080030504492,0.019503296103159207,-0.0067652952880525785,-0.01251886490419364,-0.0010117256719115175,0.09728691851439421,0.09382415226504383,0.10074968476374459,0.0027812002040052603,-0.001195642157758438,0.006758042565768958,0.0038677363852238737,-0.0013010616950192566,0.009036534465467004
GBM01-N1-150-N2-040,150,40,8280,380,80,S07,screen,0.0,3000,2967,1500,1500,0.06266666666666666,0.05220568587476399,0.0750578195922906,0.033,0.029666666666666668,0.011,0.007061959784684468,0.017096243355688316,-0.010813434323593026,-0.016576767315290678,-0.005050101331895373,0.09743738149787338,0.09393887481192663,0.10093588818382014,0.006666972139180912,0.002750220995750923,0.0105837232826109,-0.0008936038243567456,-0.006142647755735359,0.004355440107021867
GBM01-N1-150-N2-040,150,40,8280,380,80,S08,screen,0.0,3000,2967,1500,1500,0.06,0.0497725968037077,0.07216934467229234,0.032,0.028,0.011,0.007061959784684468,0.017096243355688316,-0.005800772099548017,-0.01159125473504171,-1.0289464054323745e-05,0.09776671533800384,0.09427055715464386,0.10126287352136382,0.004056970756755243,0.00019304207367303473,0.00792089943983745,0.0008834217370253218,-0.00440115417132808,0.006167997645378723
GBM01-N1-150-N2-040,150,40,8280,380,80,S09,screen,0.0,3000,2912,1500,1500,0.057666666666666665,0.047648679288635046,0.06963689369519227,0.027,0.030666666666666665,0.029333333333333333,0.0223775186070682,0.03836643697180458,-0.010212132879195946,-0.015866374145762016,-0.004557891612629874,0.09534865928288787,0.09195946401493667,0.09873785455083907,-0.04923556327349125,-0.053271125650741255,-0.04520000089624124,0.0049468987804520935,-0.0003058046574573618,0.01019960221836155
GBM01-N1-150-N2-050,150,50,9000,400,100,S01,screen,0.0,3000,2963,1500,1500,0.05366666666666667,0.04401942478148128,0.06528380221576421,0.028333333333333332,0.025333333333333333,0.012333333333333333,0.008114301233505893,0.01870468390239417,-0.006799883358400435,-0.011789908510440747,-0.0018098582063601227,0.08464939441476148,0.08165721787920431,0.08764157095031865,-0.002969616597122688,-0.006837386183145372,0.0008981529888999959,0.0008129151515787132,-0.0039041723493462074,0.005530002652503634
GBM01-N1-150-N2-050,150,50,9000,400,100,S02,screen,0.0,3000,2964,1500,1500,0.05466666666666667,0.04492528526158589,0.06637352823230508,0.03,0.024666666666666667,0.012,0.007849758859317126,0.018304030777701114,-0.00444498857056692,-0.009375007587975761,0.000485030446841922,0.08329588660686146,0.0803272239124952,0.08626454930122773,-0.0011790853649779227,-0.005034907245839237,0.0026767365158833914,-0.0006961233683120247,-0.005398651844522048,0.004006405107897998
GBM01-N1-150-N2-050,150,50,9000,400,100,S03,screen,0.0,3000,2958,1500,1500,0.05466666666666667,0.04492528526158589,0.06637352823230508,0.031,0.023666666666666666,0.014,0.009450007097834473,0.02069495553247468,-0.005961375335938177,-0.010816575007320806,-0.0011061756645555495,0.08183885293523274,0.07890207255423871,0.08477563331622677,0.0004301579541862888,-0.0034389730757418257,0.004299288984114404,0.0038731524291066893,-0.0008404777667257364,0.008586782624939115
GBM01-N1-150-N2-050,150,50,9000,400,100,S04,screen,0.0,3000,2978,1500,1500,0.07166666666666667,0.06045829719432448,0.08476548674253921,0.03933333333333333,0.03233333333333333,0.007333333333333333,0.004267676697941736,0.012573375954731052,-0.0053844601869752085,-0.010774808884148022,5.88851019760455e-06,0.0907084722406376,0.08742479828147642,0.09399214619979879,-1.5484327082233713e-05,-0.003781343630929466,0.0037503749767649986,-0.0008872533086126828,-0.005588366216374196,0.003813859599148831
GBM01-N1-150-N2-050,150,50,9000,400,100,S05,screen,0.0,3000,2973,1500,1500,0.06466666666666666,0.054034323152400435,0.07722035530794506,0.034333333333333334,0.030333333333333334,0.009,0.0055166755619983614,0.014650354585083519,-0.005211117535600275,-0.010281312498549702,-0.0001409225726508494,0.08554250095661313,0.08247144754486477,0.08861355436836149,-0.001142044097818511,-0.004952213751058086,0.0026681255554210645,0.002531923584285442,-0.0021404567478664946,0.007204303916437378
GBM01-N1-150-N2-050,150,50,9000,400,100,S06,screen,0.0,3000,2966,1500,1500,0.058,0.04795179775338438,0.06999897072932477,0.028666666666666667,0.029333333333333333,0.011333333333333334,0.007323548324461517,0.01749985031479309,-0.006230841549241722,-0.011307027276839767,-0.0011546558216436785,0.08538908207885335,0.08230063245677888,0.08847753170092781,0.005321741909243494,0.0015541152397561138,0.009089368578730874,0.0035816144478898965,-0.0013058015345601068,0.0084690304303399
GBM01-N1-150-N2-050,150,50,9000,400,100,S07,screen,0.0,3000,2972,1500,1500,0.057,0.04704274789608954,0.06891243408997415,0.031,0.026,0.009333333333333334,0.00577105869837476,0.015061166947588942,-0.0037194339546437446,-0.008762332321005688,0.0013234644117181994,0.08548334070516969,0.0824596536339722,0.08850702777636718,0.0031359661795242917,-0.0005081633967708309,0.006780095755819414,-0.0006974685373378627,-0.005420693904493359,0.004025756829817633
GBM01-N1-150-N2-050,150,50,9000,400,100,S08,screen,0.0,3000,2970,1500,1500,0.059666666666666666,0.04946888558965727,0.07180786038746095,0.029,0.030666666666666665,0.01,0.006283801751578197,0.015878814892149137,-0.0061128243539793296,-0.011217967315444142,-0.0010076813925145181,0.08637006384096581,0.08329184698487099,0.08944828069706062,0.0019467547193983176,-0.0016790582552031344,0.00557256769399977,-0.0027438820303033575,-0.007430618362666962,0.0019428543020602474
GBM01-N1-150-N2-050,150,50,9000,400,100,S09,screen,0.0,3000,2903,1500,1500,0.059,0.04886175450263722,0.07108460047671737,0.03333333333333333,0.025666666666666667,0.03233333333333333,0.024992205485416266,0.04173850958339287,-0.0066490677317176845,-0.011749300944174847,-0.0015488345192605224,0.08601587688837933,0.08298312225579751,0.08904863152096115,-0.043735394916569914,-0.04746355470166683,-0.040007235131473,0.0011051401507121306,-0.003658548064727412,0.005868828366151673
GBM01-N1-150-N2-075,150,75,10800,450,150,S01,screen,0.0,3000,2960,1500,1500,0.04933333333333333,0.04010606591049235,0.06054961960128951,0.025666666666666667,0.023666666666666666,0.013333333333333334,0.008913251030863281,0.01990132060168224,0.0001841373527161987,-0.003869800039007609,0.004238074744440006,0.06838040086835422,0.0659411654114643,0.07081963632524413,0.0007528332275382355,-0.0025579321711927073,0.004063598626269179,-0.0012120387015721837,-0.0050254808556875865,0.0026014034525432186
GBM01-N1-150-N2-075,150,75,10800,450,150,S02,screen,0.0,3000,2973,1500,1500,0.05366666666666667,0.04401942478148128,0.06528380221576421,0.025666666666666667,0.028,0.009,0.0055166755619983614,0.014650354585083519,-0.0037262636076377865,-0.007904614883863669,0.00045208766858809623,0.0708088200786507,0.06829958360564384,0.07331805655165757,0.0015988591230911811,-0.0017476779829233725,0.004945396229105735,-0.002943201949057507,-0.006846315123528729,0.0009599112254137154
GBM01-N1-150-N2-075,150,75,10800,450,150,S03,screen,0.0,3000,2962,1500,1500,0.06433333333333334,0.05372933002844029,0.07686015293302341,0.034666666666666665,0.029666666666666668,0.012666666666666666,0.008379752870551895,0.01910442776422998,-0.0013588634239939798,-0.005251968421477482,0.0025342415734895232,0.06544346471530171,0.06308474415658924,0.06780218527401419,-0.001601780850503655,-0.00495142938507688,0.0017478676840695707,0.0028475919337387317,-0.001039412798651647,0.006734596666129111
GBM01-N1-150-N2-075,150,75,10800,450,150,S04,screen,0.0,3000,2966,1500,1500,0.06633333333333333,0.05556057602916772,0.07902007992558686,0.03833333333333333,0.028,0.011333333333333334,0.007323548324461517,0.01749985031479309,-0.003924945706336177,-0.008398002498160084,0.000548111085487731,0.07589669464610665,0.07322225217473464,0.07857113711747866,-0.0001843781922016939,-0.0034273701119584845,0.0030586137275550964,-0.0005739341288965085,-0.004437956135785047,0.00329008787799203
GBM01-N1-150-N2-075,150,75,10800,450,150,S05,screen,0.0,3000,2960,1500,1500,0.05366666666666667,0.04401942478148128,0.06528380221576421,0.027,0.02666666666666667,0.013333333333333334,0.008913251030863281,0.01990132060168224,-0.003610609564514269,-0.007748374681340696,0.0005271555523121579,0.06983019429763748,0.06733692003133117,0.0723234685639438,0.0028135721306978396,-0.000484033940895114,0.006111178202290794,-0.00020790312037483627,-0.004058767700283827,0.0036429614595341543
GBM01-N1-150-N2-075,150,75,10800,450,150,S06,screen,0.0,3000,2965,1500,1500,0.06066666666666667,0.05038030683446497,0.07289202563929871,0.027666666666666666,0.033,0.011666666666666667,0.007586161737740677,0.017902432400395754,-0.0025561544373546557,-0.006764950140275246,0.0016526412655659345,0.07122819484228622,0.06870397485792966,0.07375241482664278,0.002350825248263142,-0.0009917050484567723,0.005693355544983057,0.0011148221094852643,-0.002745570116310516,0.004975214335281045
GBM01-N1-150-N2-075,150,75,10800,450,150,S07,screen,0.0,3000,2978,1500,1500,0.05566666666666667,0.045832130759024564,0.06746226923151186,0.030333333333333334,0.025333333333333333,0.007333333333333333,0.004267676697941736,0.012573375954731052,-0.002014062599098972,-0.006054841099983523,0.00202671590178558,0.06748876454983596,0.06500165566008516,0.06997587343958676,0.0008212979818852452,-0.00242075812293141,0.004063354086701901,-0.002518120680318867,-0.006292131025884479,0.0012558896652467445
GBM01-N1-150-N2-075,150,75,10800,450,150,S08,screen,0.0,3000,2969,1500,1500,0.06433333333333334,0.05372933002844029,0.07686015293302341,0.036333333333333336,0.028,0.010333333333333333,0.006542037223830099,0.01628577491877905,-0.003515844594117926,-0.007667177643027443,0.0006354884547915903,0.07061295629991503,0.06814016727398871,0.07308574532584135,0.005143403559753535,0.0019379858081721157,0.008348821311334954,0.00013586706641918636,-0.003728794649071828,0.0040005287819102
GBM01-N1-150-N2-075,150,75,10800,450,150,S09,screen,0.0,3000,2893,1500,1500,0.051333333333333335,0.041909728013384454,0.06273713049168833,0.022333333333333334,0.029,0.035666666666666666,0.02791920937914018,0.04546346067848715,-0.00477580642873809,-0.008986722074978007,-0.0005648907824981723,0.07020039438293002,0.06765520637998451,0.07274558238587553,-0.03201363805619596,-0.03538053474590908,-0.028646741366482837,0.0012701922126668879,-0.0026238821856353614,0.005164266610969137
GBM01-N1-150-N2-100,150,100,12600,500,200,S01,screen,0.0,3000,2971,1500,1500,0.048666666666666664,0.039505843779537655,0.05981945073448057,0.021,0.027666666666666666,0.009666666666666667,0.006026789013377336,0.015470632131468182,-0.0017571125724399348,-0.005239595134695737,0.0017253699898158678,0.05859568728342839,0.05648278857110482,0.06070858599575196,-0.0009143981843186383,-0.0038996654916620835,0.002070869123024807,0.0012605164774911054,-0.0020907036045536426,0.004611736559535853
GBM01-N1-150-N2-100,150,100,12600,500,200,S02,screen,0.0,3000,2967,1500,1500,0.052,0.04251191679605569,0.06346533270678072,0.03,0.022,0.011,0.007061959784684468,0.017096243355688316,-0.004220177650528824,-0.007695970014066097,-0.0007443852869915509,0.05902457487262732,0.05694430059475497,0.06110484915049967,0.0007742771292507538,-0.002257938628168095,0.003806492886669603,-0.0001471220760187766,-0.0035222467570898107,0.003228002605052257
GBM01-N1-150-N2-100,150,100,12600,500,200,S03,screen,0.0,3000,2969,1500,1500,0.054,0.04432126726140508,0.06564715523472224,0.027,0.027,0.010333333333333333,0.006542037223830099,0.01628577491877905,-0.0021213758790956504,-0.005441527351275911,0.00119877559308461,0.05648227451156229,0.05450699212580218,0.058457556897322405,-0.001166595855477436,-0.004255093023920836,0.0019219013129659643,0.0031997217170445114,-0.00016351080523304903,0.006562954239322072
GBM01-N1-150-N2-100,150,100,12600,500,200,S04,screen,0.0,3000,2965,1500,1500,0.06133333333333333,0.05098839546809815,0.07361432800342917,0.035333333333333335,0.026,0.011666666666666667,0.007586161737740677,0.017902432400395754,-0.0032481998026755673,-0.00710485265454419,0.0006084530491930547,0.06460492248049553,0.062248151116281465,0.0669616938447096,-0.0006522196199883745,-0.0035579915711797874,0.002253552331203038,-0.0001976747554634775,-0.0034764787188884885,0.0030811292079615336
GBM01-N1-150-N2-100,150,100,12600,500,200,S05,screen,0.0,3000,2967,1500,1500,0.057,0.04704274789608954,0.06891243408997415,0.03,0.027,0.011,0.007061959784684468,0.017096243355688316,-0.0007593971147375064,-0.004213367498054646,0.002694573268579633,0.0583832032192047,0.05630806010262404,0.060458346335785354,0.0013796137607751393,-0.0015960426481669997,0.004355270169717278,0.0009266365674390523,-0.002375678864918425,0.004228951999796529
GBM01-N1-150-N2-100,150,100,12600,500,200,S06,screen,0.0,3000,2960,1500,1500,0.053,0.04341607770700619,0.06455675829247567,0.029,0.024,0.013333333333333334,0.008913251030863281,0.01990132060168224,-0.0031833531542237834,-0.006756950064389833,0.00039024375594226644,0.06030041758742722,0.058146331958080756,0.062454503216773684,0.0034295912772544703,0.000378963186114278,0.006480219368394663,0.00043950147448281547,-0.002902662388433568,0.0037816653373991993
GBM01-N1-150-N2-100,150,100,12600,500,200,S07,screen,0.0,3000,2967,1500,1500,0.058,0.04795179775338438,0.06999897072932477,0.030666666666666665,0.027333333333333334,0.011,0.007061959784684468,0.017096243355688316,-0.0035097263392719438,-0.007012974315590126,-6.4783629537615295e-06,0.0594318022906493,0.05733443231692847,0.06152917226437014,0.0004689321580320816,-0.002424644341737437,0.0033625086578016,-0.0012510694349199185,-0.004566536297297604,0.002064397427457767
GBM01-N1-150-N2-100,150,100,12600,500,200,S08,screen,0.0,3000,2973,1500,1500,0.06333333333333334,0.05281487668315638,0.07577901978166185,0.029333333333333333,0.034,0.009,0.0055166755619983614,0.014650354585083519,-0.0026527526377641535,-0.0061790940270982754,0.0008735887515699684,0.059722285151495906,0.05760376363732298,0.06184080666566883,0.002753371401265842,-0.00012543854452306668,0.00563218134705475,-0.0017070710258655886,-0.004959817930532037,0.0015456758788008598
GBM01-N1-150-N2-100,150,100,12600,500,200,S09,screen,0.0,3000,2874,1500,1500,0.05,0.040706793573359636,0.061279282936185876,0.030666666666666665,0.019333333333333334,0.042,0.033533753978440974,0.0524876305579409,-0.003340859080536261,-0.006904116661812688,0.00022239850074016587,0.05894391401911834,0.05677623151470344,0.061111596523533235,-0.026859974628897956,-0.02982703245606276,-0.023892916801733152,0.002229301897128336,-0.001062184912177187,0.005520788706433859
GBM01-N1-150-N2-150,150,150,16200,600,300,S01,screen,0.0,3000,2967,1500,1500,0.051666666666666666,0.04221076318560183,0.06310129081835276,0.028666666666666667,0.023,0.011,0.007061959784684468,0.017096243355688316,-0.0015384181858507271,-0.004388833176984998,0.0013119968052835438,0.04784478239023125,0.0461100125503963,0.04957955223006621,-0.002118224178977983,-0.0046255192051457145,0.0003890708471897485,-1.3283233249130647e-05,-0.0027489937142638884,0.002722427247765627
GBM01-N1-150-N2-150,150,150,16200,600,300,S02,screen,0.0,3000,2960,1500,1500,0.051666666666666666,0.04221076318560183,0.06310129081835276,0.02666666666666667,0.025,0.013333333333333334,0.008913251030863281,0.01990132060168224,0.000297830791339257,-0.0026077861829786595,0.0032034477656571734,0.04899585896459207,0.047246569796800246,0.05074514813238389,-8.357008545819315e-05,-0.0025721427421254097,0.002405002571209023,-0.0010068662289913607,-0.003737748902359929,0.0017240164443772076
GBM01-N1-150-N2-150,150,150,16200,600,300,S03,screen,0.0,3000,2971,1500,1500,0.052,0.04251191679605569,0.06346533270678072,0.027333333333333334,0.024666666666666667,0.009666666666666667,0.006026789013377336,0.015470632131468182,-0.001748792215981814,-0.004496956583882597,0.0009993721519189693,0.04616547728695574,0.04449272986149509,0.04783822471241639,-0.0019163498516126163,-0.00444865091383817,0.0006159512106129372,0.0008301398107816319,-0.001875429135375262,0.003535708756938526
GBM01-N1-150-N2-150,150,150,16200,600,300,S04,screen,0.0,3000,2970,1500,1500,0.06233333333333333,0.05190122586079068,0.07469708410738211,0.035333333333333335,0.027,0.01,0.006283801751578197,0.015878814892149137,0.0004342373620898712,-0.002741226749433856,0.0036097014736135983,0.05362172553648457,0.051709001208187916,0.05553444986478122,4.9571868470811796e-05,-0.0024007053614639256,0.002499849098405549,0.0010832671525925028,-0.001633806460903371,0.003800340766088377
GBM01-N1-150-N2-150,150,150,16200,600,300,S05,screen,0.0,3000,2962,1500,1500,0.05266666666666667,0.043114575095298605,0.06419306540530144,0.025666666666666667,0.027,0.012666666666666666,0.008379752870551895,0.01910442776422998,-0.0011312604490207835,-0.0039982320578623365,0.0017357111598207695,0.048163066232890926,0.04642394557888143,0.04990218688690042,0.002134651397409406,-0.00039843484169698904,0.004667737636515802,0.0012438618093042377,-0.0014637000342586019,0.003951423652867077
GBM01-N1-150-N2-150,150,150,16200,600,300,S06,screen,0.0,3000,2977,1500,1500,0.050333333333333334,0.041007344015243544,0.06164392799318377,0.02666666666666667,0.023666666666666666,0.007666666666666666,0.004514125223704802,0.012992122927849806,-0.0017210388440028206,-0.004640652494304461,0.0011985748062988202,0.0496473964943672,0.04790515303601174,0.051389639952722665,0.0022835252992695182,-0.00016421833111787947,0.004731268929656916,0.0001280354442585293,-0.002614991324368335,0.002871062212885393
GBM01-N1-150-N2-150,150,150,16200,600,300,S07,screen,0.0,3000,2972,1500,1500,0.059,0.04886175450263722,0.07108460047671737,0.03133333333333333,0.027666666666666666,0.009333333333333334,0.00577105869837476,0.015061166947588942,-0.003131555216757501,-0.006081542502829559,-0.0001815679306854433,0.05029805996751356,0.04854463085927746,0.05205148907574966,0.0011142313064814607,-0.0013600933408135425,0.003588555953776464,-0.00022425853238974226,-0.0028896773485778235,0.002441160283798339
GBM01-N1-150-N2-150,150,150,16200,600,300,S08,screen,0.0,3000,2972,1500,1500,0.058333333333333334,0.04825501697631898,0.07036094700527197,0.036,0.022333333333333334,0.009333333333333334,0.00577105869837476,0.015061166947588942,-0.001191396274776025,-0.004125226051121499,0.0017424335015694483,0.049645127188779385,0.047882615706030675,0.051407638671528096,0.00141533586773397,-0.0010448439786525368,0.0038755157141204767,-0.000900318915467804,-0.0036228704320207554,0.0018222326010851476
GBM01-N1-150-N2-150,150,150,16200,600,300,S09,screen,0.0,3000,2866,1500,1500,0.05333333333333334,0.04371769460207437,0.06492033689628932,0.028333333333333332,0.025,0.04466666666666667,0.035915698277096036,0.055427250250340385,0.0002870892779639749,-0.0026557420037929547,0.003229920559720905,0.04849466467915699,0.04670184614019754,0.050287483218116436,-0.02084429022034884,-0.02338057042220912,-0.01830801001848856,0.0014597688418134527,-0.001270403517368006,0.004189941200994912
GBM01-N1-150-N2-200,150,200,19800,700,400,S01,screen,0.0,3000,2972,1500,1500,0.05533333333333333,0.04552974102397992,0.06709946346767467,0.03,0.025333333333333333,0.009333333333333334,0.00577105869837476,0.015061166947588942,-0.0010240768749620313,-0.0034533555798857557,0.0014052018299616931,0.04078864205096031,0.0393093519414735,0.04226793216044712,0.0008806361180749673,-0.0013338994430102996,0.003095171679160234,-0.0011490006407529447,-0.0035278718355085973,0.0012298705540027082
GBM01-N1-150-N2-200,150,200,19800,700,400,S02,screen,0.0,3000,2968,1500,1500,0.053,0.04341607770700619,0.06455675829247567,0.025,0.028,0.010666666666666666,0.00680144026857975,0.01669156737291122,-0.001111422303194654,-0.003557866848664778,0.0013350222422754702,0.04094346805755905,0.0394471029498088,0.042439833165309304,-0.00040647018077669535,-0.002652011512804898,0.0018390711512515075,0.00016906674213016667,-0.002168922636212794,0.0025070561204731273
GBM01-N1-150-N2-200,150,200,19800,700,400,S03,screen,0.0,3000,2969,1500,1500,0.05366666666666667,0.04401942478148128,0.06528380221576421,0.028,0.025666666666666667,0.010333333333333333,0.006542037223830099,0.01628577491877905,-0.001189591924797576,-0.003604003603714734,0.0012248197541195821,0.04066006045389889,0.039198292478863146,0.04212182842893463,0.0006571671082578131,-0.001543173577819607,0.002857507794335233,-0.0008850644500577796,-0.0032386665357690835,0.001468537635653524
GBM01-N1-150-N2-200,150,200,19800,700,400,S04,screen,0.0,3000,2965,1500,1500,0.059666666666666666,0.04946888558965727,0.07180786038746095,0.029333333333333333,0.030333333333333334,0.011666666666666667,0.007586161737740677,0.017902432400395754,0.00044732022138005,-0.002364394294306871,0.003259034737066971,0.04731095868520046,0.045609281570926384,0.049012635799474534,-0.0007675517688511736,-0.002936423419300523,0.0014013198815981758,-0.001583616922725091,-0.0039131555263959145,0.0007459216809457324
GBM01-N1-150-N2-200,150,200,19800,700,400,S05,screen,0.0,3000,2971,1500,1500,0.055,0.04522745888733454,0.06673655010543823,0.029333333333333333,0.025666666666666667,0.009666666666666667,0.006026789013377336,0.015470632131468182,-0.00318222957471886,-0.005682035629785069,-0.0006824235196526513,0.04216448281197348,0.040647907684995446,0.04368105793895151,4.04318389377603e-05,-0.0021663641869855022,0.002247227864861023,-0.0011329134002626654,-0.003499017449606983,0.0012331906490816523
GBM01-N1-150-N2-200,150,200,19800,700,400,S06,screen,0.0,3000,2978,1500,1500,0.04833333333333333,0.03920592532713859,0.05945417368799782,0.024666666666666667,0.023666666666666666,0.007333333333333333,0.004267676697941736,0.012573375954731052,-0.0018858069736241753,-0.004403647535425183,0.0006320335881768323,0.04297347668115572,0.04147961334993226,0.044467340012379175,0.002189004488305362,2.8318804892691393e-05,0.004349690171718032,-0.00014486770413506356,-0.0025072776913733653,0.002217542283103238
GBM01-N1-150-N2-200,150,200,19800,700,400,S07,screen,0.0,3000,2959,1500,1500,0.050666666666666665,0.04130801732179694,0.062008450185512196,0.027,0.023666666666666666,0.013666666666666667,0.009181236074875046,0.020298531056552285,-0.0023603841303788324,-0.00491981759424168,0.00019904933348401533,0.04299251311282542,0.04143775605882936,0.04454727016682148,0.0011598937679313521,-0.0010725525978226378,0.003392340133685342,-0.00043106729203518844,-0.0027672769598021682,0.0019051423757317915
GBM01-N1-150-N2-200,150,200,19800,700,400,S08,screen,0.0,3000,2970,1500,1500,0.051,0.041608812359602614,0.06237285064658834,0.02666666666666667,0.024333333333333332,0.01,0.006283801751578197,0.015878814892149137,-0.0015064899467051825,-0.003987116313105752,0.0009741364196953867,0.04195839521456833,0.04046697602557292,0.04344981440356374,0.0009233650573903969,-0.0012169292120825011,0.003063659326863295,0.0010946749580965404,-0.0012730149166405558,0.0034623648328336366
GBM01-N1-150-N2-200,150,200,19800,700,400,S09,screen,0.0,3000,2871,1500,1500,0.050666666666666665,0.04130801732179694,0.062008450185512196,0.02666666666666667,0.024,0.043,0.03442584071935716,0.05359113031367015,-0.0014184347369937107,-0.0039676984275931965,0.0011308289536057752,0.04243217872041962,0.040902144363992754,0.04396221307684649,-0.015825393229366568,-0.01808778888346369,-0.013562997575269445,0.0011687459257275685,-0.001233881447296067,0.003571373298751204
GBM01-N1-200-N2-025,200,25,9000,450,50,S01,screen,0.0,3000,2967,1500,1500,0.06166666666666667,0.05129257997229359,0.07397533899811556,0.031,0.030666666666666665,0.011,0.007061959784684468,0.017096243355688316,-0.006926848488867993,-0.014030621725640301,0.00017692474790431505,0.12012474224916175,0.11584790440791919,0.12440158009040432,0.0001930608883916124,-0.0041546638344616025,0.004540785611244827,0.0001845314135034071,-0.0064838358891082,0.006852898716115013
GBM01-N1-200-N2-025,200,25,9000,450,50,S02,screen,0.0,3000,2964,1500,1500,0.05733333333333333,0.04734566239476799,0.0692747150901775,0.03166666666666667,0.025666666666666667,0.012,0.007849758859317126,0.018304030777701114,-0.007386276493548529,-0.014425122680721235,-0.0003474303063758233,0.11959154619096429,0.11539137169747261,0.12379172068445597,3.9815378606168935e-05,-0.004279848221446648,0.004359478978658986,-0.00022404481910554583,-0.006722667330767725,0.006274577692556633
GBM01-N1-200-N2-025,200,25,9000,450,50,S03,screen,0.0,3000,2965,1500,1500,0.057666666666666665,0.047648679288635046,0.06963689369519227,0.03166666666666667,0.026,0.011666666666666667,0.007586161737740677,0.017902432400395754,-0.006868860436256171,-0.01361554801645428,-0.00012217285605806236,0.11396143918398069,0.10989307148406374,0.11802980688389764,-0.0013841148354273923,-0.005750895719698541,0.002982666048843757,0.0024837877601222055,-0.004101234672146969,0.009068810192391379
GBM01-N1-200-N2-025,200,25,9000,450,50,S04,screen,0.0,3000,2966,1500,1500,0.07666666666666666,0.06506745431774417,0.09013426210234678,0.04033333333333333,0.036333333333333336,0.011333333333333334,0.007323548324461517,0.01749985031479309,-0.01269389413921086,-0.0206114561327376,-0.004776332145684124,0.1346430668343699,0.12990165987320415,0.13938447379553567,-0.00013023004459820515,-0.004173220070851906,0.0039127599816554965,0.0015913877532116698,-0.005097364525463061,0.008280140031886402
GBM01-N1-200-N2-025,200,25,9000,450,50,S05,screen,0.0,3000,2970,1500,1500,0.073,0.06168581569617393,0.08619875023621701,0.03766666666666667,0.035333333333333335,0.01,0.006283801751578197,0.015878814892149137,-0.01275733240792211,-0.01978512702041733,-0.00572953779542689,0.11954658023432325,0.11532564530050396,0.12376751516814255,0.002365194200235172,-0.0018872805849120262,0.00661766898538237,0.0035855864692833604,-0.003141903016779025,0.010313075955345745
GBM01-N1-200-N2-025,200,25,9000,450,50,S06,screen,0.0,3000,2956,1500,1500,0.06233333333333333,0.05190122586079068,0.07469708410738211,0.031,0.03133333333333333,0.014666666666666666,0.009989802668128874,0.02148555095994391,-0.009776597843950494,-0.01686084227562599,-0.002692353412274996,0.12053349945682557,0.11631680516980612,0.12475019374384501,0.004082274414328191,4.739915734356965e-05,0.008117149671312811,-0.004745986541482263,-0.011426423638066611,0.0019344505551020857
GBM01-N1-200-N2-025,200,25,9000,450,50,S07,screen,0.0,3000,2967,1500,1500,0.06433333333333334,0.05372933002844029,0.07686015293302341,0.036,0.028333333333333332,0.011,0.007061959784684468,0.017096243355688316,-0.009414239306400084,-0.01660668189785867,-0.0022217967149414956,0.12243358157427867,0.1181443940485557,0.12672276910000163,0.002311452194902252,-0.001803965134250168,0.006426869524054673,-0.0018006559964034948,-0.008435127967738801,0.004833815974931812
GBM01-N1-200-N2-025,200,25,9000,450,50,S08,screen,0.0,3000,2965,1500,1500,0.064,0.053424424154398284,0.07649986330818358,0.030333333333333334,0.033666666666666664,0.011666666666666667,0.007586161737740677,0.017902432400395754,-0.009605553093055665,-0.0167927364298254,-0.00241836975628593,0.12231414585711657,0.11802781980817381,0.12660047190605933,0.005201715663099331,0.001237194985899177,0.009166236340299484,0.004207315825882788,-0.002471546143328271,0.010886177795093847
GBM01-N1-200-N2-025,200,25,9000,450,50,S09,screen,0.0,3000,2908,1500,1500,0.068,0.05708892010797263,0.08081771334119105,0.034333333333333334,0.033666666666666664,0.030666666666666665,0.023537133357014937,0.039867604217385125,-0.01085228317177309,-0.018219561724933345,-0.003485004618612836,0.12282101030762486,0.11833594644286434,0.1273060741723854,-0.07433512338466129,-0.078640080034946,-0.07003016673437658,0.005546130631536635,-0.0011298697000844812,0.012222130963157753
GBM01-N1-200-N2-040,200,40,10080,480,80,S01,screen,0.0,3000,2970,1500,1500,0.058,0.04795179775338438,0.06999897072932477,0.029,0.029,0.01,0.006283801751578197,0.015878814892149137,-0.007677984709807852,-0.013347258218894976,-0.002008711200720727,0.0962946499831084,0.09289603789728668,0.09969326206893012,0.0020668908408551312,-0.0017944763081439883,0.005928257989854251,2.607324525304392e-05,-0.005363436073798879,0.005415582564304968
GBM01-N1-200-N2-040,200,40,10080,480,80,S02,screen,0.0,3000,2965,1500,1500,0.059,0.04886175450263722,0.07108460047671737,0.027666666666666666,0.03133333333333333,0.011666666666666667,0.007586161737740677,0.017902432400395754,-0.006362336330275521,-0.011922780927336122,-0.0008018917332149192,0.09444187590865788,0.09111871055740656,0.0977650412599092,0.0001436024970208235,-0.0037748147370057,0.004062019731047347,-0.0016290913788204226,-0.006867015454854398,0.0036088326972135523
GBM01-N1-200-N2-040,200,40,10080,480,80,S03,screen,0.0,3000,2961,1500,1500,0.05433333333333333,0.04462322107290078,0.06601039692210836,0.025666666666666667,0.028666666666666667,0.013,0.008646080030504492,0.019503296103159207,-0.004700941548036476,-0.010077168709550176,0.000675285613477225,0.09084495894087088,0.08761161241366398,0.09407830546807779,-0.001254557632498686,-0.005102960041599249,0.002593844776601878,0.0013426286124101885,-0.003920978699387903,0.0066062359242082805
GBM01-N1-200-N2-040,200,40,10080,480,80,S04,screen,0.0,3000,2961,1500,1500,0.06433333333333334,0.05372933002844029,0.07686015293302341,0.03266666666666666,0.03166666666666667,0.013,0.008646080030504492,0.019503296103159207,-0.006728616201422979,-0.012886864708456326,-0.0005703676943896322,0.10464195873899243,0.10097030938322585,0.10831360809475901,-0.0013363434930098183,-0.005065220392802687,0.0023925334067830505,-0.005273886912177223,-0.010523234526730088,-2.4539297624357956e-05
GBM01-N1-200-N2-040,200,40,10080,480,80,S05,screen,0.0,3000,2968,1500,1500,0.051333333333333335,0.041909728013384454,0.06273713049168833,0.027,0.024333333333333332,0.010666666666666666,0.00680144026857975,0.01669156737291122,-0.0073914607891440096,-0.01286358452551567,-0.0019193370527723491,0.09332537113349064,0.09007120752154821,0.09657953474543307,0.005383285820255038,0.001515743278939865,0.00925082836157021,0.002091662190051854,-0.003105719326322756,0.007289043706426464
GBM01-N1-200-N2-040,200,40,10080,480,80,S06,screen,0.0,3000,2973,1500,1500,0.06466666666666666,0.054034323152400435,0.07722035530794506,0.028333333333333332,0.036333333333333336,0.009,0.0055166755619983614,0.014650354585083519,-0.00933278276430169,-0.014841236945576562,-0.003824328583026816,0.09358906193197992,0.09027492246351608,0.09690320140044377,0.003296926340227555,-0.00043037596827139686,0.007024228648726507,0.002423221106863391,-0.002865287678435912,0.007711729892162694
GBM01-N1-200-N2-040,200,40,10080,480,80,S07,screen,0.0,3000,2962,1500,1500,0.056,0.04613462719335834,0.06782496829605988,0.029333333333333333,0.02666666666666667,0.012666666666666666,0.008379752870551895,0.01910442776422998,-0.0066337793936843414,-0.012143805683871137,-0.0011237531034975446,0.09262358338246188,0.08927168636482952,0.09597548040009424,0.0035473703503549306,-0.00014732559462806924,0.0072420662953379305,0.00024569851213294296,-0.005044335623264025,0.005535732647529911
GBM01-N1-200-N2-040,200,40,10080,480,80,S08,screen,0.0,3000,2967,1500,1500,0.06,0.0497725968037077,0.07216934467229234,0.031,0.029,0.011,0.007061959784684468,0.017096243355688316,-0.008606056867317694,-0.014210829106028632,-0.003001284628606756,0.0952895726367785,0.09193292226601726,0.09864622300753972,0.004172379032940065,0.0005518757626607716,0.007792882303219359,-0.0007125139304192779,-0.005946087446454963,0.004521059585616408
GBM01-N1-200-N2-040,200,40,10080,480,80,S09,screen,0.0,3000,2900,1500,1500,0.06733333333333333,0.05647733613436853,0.08009890631703151,0.029333333333333333,0.038,0.03333333333333333,0.02586803648606114,0.042858265079393464,-0.008085207686178998,-0.013818997126620948,-0.002351418245737048,0.09671312326025443,0.09330447146434628,0.10012177505616257,-0.05738235188304365,-0.0611672898454555,-0.0535974139206318,0.003667247069675747,-0.0016367421755451176,0.008971236314896613
GBM01-N1-200-N2-050,200,50,10800,500,100,S01,screen,0.0,3000,2965,1500,1500,0.059,0.04886175450263722,0.07108460047671737,0.027666666666666666,0.03133333333333333,0.011666666666666667,0.007586161737740677,0.017902432400395754,-0.002874332684542334,-0.007747384775902311,0.001998719406817643,0.08264384221855481,0.0797324498851828,0.08555523455192682,0.00217456746631144,-0.0014834490382533297,0.00583258397087621,0.0017724607741126872,-0.002912478390270524,0.006457399938495898
GBM01-N1-200-N2-050,200,50,10800,500,100,S02,screen,0.0,3000,2971,1500,1500,0.06333333333333334,0.05281487668315638,0.07577901978166185,0.027333333333333334,0.036,0.009666666666666667,0.006026789013377336,0.015470632131468182,-0.006705211104946365,-0.0116394358734784,-0.00177098633641433,0.08307974228101637,0.08007514666958483,0.08608433789244792,-0.0010233552578382465,-0.004667478637305761,0.0026207681216292686,-0.0017532662305229253,-0.0064434718796707695,0.002936939418624919
GBM01-N1-200-N2-050,200,50,10800,500,100,S03,screen,0.0,3000,2982,1500,1500,0.059333333333333335,0.04916527123664498,0.07144627924159143,0.034,0.025333333333333333,0.006,0.0033020669503808645,0.010878203706764653,-0.0033021397126756424,-0.008042267861685659,0.0014379884363343734,0.08041457104528776,0.0775684501640806,0.08326069192649493,-0.0018777740925667611,-0.0055202957205527075,0.0017647475354191857,0.00038834222076509145,-0.004336321834561213,0.005113006276091397
GBM01-N1-200-N2-050,200,50,10800,500,100,S04,screen,0.0,3000,2977,1500,1500,0.06366666666666666,0.05311960616002069,0.07613948580367934,0.03233333333333333,0.03133333333333333,0.007666666666666666,0.004514125223704802,0.012992122927849806,-0.011767195336035782,-0.017246869359952708,-0.006287521312118855,0.09317286097207755,0.08985908399411557,0.09648663795003953,-6.471467558580215e-06,-0.0035040151233934973,0.0034910721882763372,-0.0032382246542655103,-0.007884723433323342,0.0014082741247923207
GBM01-N1-200-N2-050,200,50,10800,500,100,S05,screen,0.0,3000,2972,1500,1500,0.058,0.04795179775338438,0.06999897072932477,0.026,0.032,0.009333333333333334,0.00577105869837476,0.015061166947588942,-0.005380890189176262,-0.010375409082887876,-0.00038637129546464834,0.08483636386050582,0.08184689411364847,0.08782583360736317,0.0003595368540853677,-0.003270077773660626,0.003989151481831361,-0.0018828638344983856,-0.00657814163984094,0.0028124139708441687
GBM01-N1-200-N2-050,200,50,10800,500,100,S06,screen,0.0,3000,2973,1500,1500,0.056666666666666664,0.04673993662874993,0.06855004985843194,0.033,0.023666666666666666,0.009,0.0055166755619983614,0.014650354585083519,-0.005497231959590895,-0.010519571025298219,-0.00047489289388357066,0.08492550354922714,0.08189399749774799,0.08795700960070628,0.004893610167049396,0.0014166975228030085,0.008370522811295782,0.0008893070005077343,-0.003779664662153369,0.005558278663168837
GBM01-N1-200-N2-050,200,50,10800,500,100,S07,screen,0.0,3000,2969,1500,1500,0.05333333333333334,0.04371769460207437,0.06492033689628932,0.027666666666666666,0.025666666666666667,0.010333333333333333,0.006542037223830099,0.01628577491877905,-0.005441181427688632,-0.010530814931032279,-0.00035154792434498577,0.08597482805457404,0.08290128922146336,0.08904836688768472,0.0036328617392691275,0.00016739504142368857,0.007098328437114566,-0.0011329830649732466,-0.0058097684893197495,0.003543802359373257
GBM01-N1-200-N2-050,200,50,10800,500,100,S08,screen,0.0,3000,2973,1500,1500,0.065,0.054339402904491144,0.07758047105473619,0.03666666666666667,0.028333333333333332,0.009,0.0055166755619983614,0.014650354585083519,-0.005984242896109747,-0.011057045895295294,-0.0009114398969241998,0.08575019136964748,0.08268462073051844,0.08881576200877653,0.0038889202743650456,0.00046448039338733245,0.007313360155342759,-0.0006436156400636483,-0.005406454519664479,0.004119223239537183
GBM01-N1-200-N2-050,200,50,10800,500,100,S09,screen,0.0,3000,2877,1500,1500,0.067,0.05617166675565691,0.07973938019686133,0.035,0.032,0.041,0.032643094666353734,0.05138270337338269,-0.006475293851765743,-0.011590961291490806,-0.0013596264120406803,0.0849545204311198,0.08185345130462326,0.08805558955761633,-0.050906473596524386,-0.054542505389630014,-0.04727044180341876,0.00019928147013694757,-0.004659194707228337,0.005057757647502232
GBM01-N1-200-N2-075,200,75,12600,550,150,S01,screen,0.0,3000,2970,1500,1500,0.052333333333333336,0.04281318778150576,0.06382925722021249,0.03,0.022333333333333334,0.01,0.006283801751578197,0.015878814892149137,-0.004587377835297961,-0.008669193613482801,-0.00050556205711312,0.06919779893625583,0.06674675059083074,0.07164884728168092,-0.001009829564690644,-0.004174209674285912,0.0021545505449046235,1.7461516275000213e-05,-0.0037877085751235194,0.0038226316076735195
GBM01-N1-200-N2-075,200,75,12600,550,150,S02,screen,0.0,3000,2967,1500,1500,0.059666666666666666,0.04946888558965727,0.07180786038746095,0.029333333333333333,0.030333333333333334,0.011,0.007061959784684468,0.017096243355688316,-0.003419059858920445,-0.007488861858895177,0.000650742141054286,0.06841086914960971,0.06593695624495416,0.07088478205426527,-0.000605158988205122,-0.0037840797377797224,0.0025737617613694782,0.0012423463696727398,-0.0025976891828989263,0.005082381922244406
GBM01-N1-200-N2-075,200,75,12600,550,150,S03,screen,0.0,3000,2978,1500,1500,0.056,0.04613462719335834,0.06782496829605988,0.03,0.026,0.007333333333333333,0.004267676697941736,0.012573375954731052,-0.0017408345736410018,-0.005660643786996048,0.002178974639714044,0.06621290114714942,0.06384633746886584,0.068579464825433,-0.002048759465783548,-0.00516529287278609,0.0010677739412189944,0.0014154582171583357,-0.002363048682392964,0.005193965116709635
GBM01-N1-200-N2-075,200,75,12600,550,150,S04,screen,0.0,3000,2971,1500,1500,0.06666666666666667,0.05586607986397509,0.07937977158966131,0.033666666666666664,0.033,0.009666666666666667,0.006026789013377336,0.015470632131468182,-0.004880166056184009,-0.00922060772997587,-0.0005397243823921467,0.07377568307695917,0.07118079174489024,0.0763705744090281,0.001907848209125344,-0.0011903904849689204,0.005006086903219608,-0.0014246591663815806,-0.005252040706800274,0.0024027223740371124
GBM01-N1-200-N2-075,200,75,12600,550,150,S05,screen,0.0,3000,2973,1500,1500,0.051333333333333335,0.041909728013384454,0.06273713049168833,0.02666666666666667,0.024666666666666667,0.009,0.0055166755619983614,0.014650354585083519,-0.003716064183105413,-0.007811893520539452,0.0003797651543286265,0.06954830527379889,0.06709712798140575,0.07199948256619203,0.0010719110022884407,-0.002135190421458051,0.004279012426034933,-0.0004167672066004105,-0.0041421002579611855,0.003308565844760365
GBM01-N1-200-N2-075,200,75,12600,550,150,S06,screen,0.0,3000,2977,1500,1500,0.05733333333333333,0.04734566239476799,0.0692747150901775,0.03266666666666666,0.024666666666666667,0.007666666666666666,0.004514125223704802,0.012992122927849806,-0.0037633995933123573,-0.007889206568072807,0.0003624073814480922,0.07031725123422218,0.06786160060359876,0.0727729018648456,0.0040218464665622835,0.0009482312517779443,0.007095461681346622,-0.000650819641288297,-0.004410871564790474,0.0031092322822138807
GBM01-N1-200-N2-075,200,75,12600,550,150,S07,screen,0.0,3000,2975,1500,1500,0.052,0.04251191679605569,0.06346533270678072,0.027333333333333334,0.024666666666666667,0.008333333333333333,0.005012239024984865,0.01382440012433338,-0.0007740551473655942,-0.004865011666938786,0.003316901372207598,0.06924764609904265,0.06679015827823137,0.07170513391985392,0.0023387041341624364,-0.0006815108059055604,0.005358919074230433,-0.0007335856298662098,-0.004555462552043497,0.003088291292311078
GBM01-N1-200-N2-075,200,75,12600,550,150,S08,screen,0.0,3000,2969,1500,1500,0.06433333333333334,0.05372933002844029,0.07686015293302341,0.031,0.03333333333333333,0.010333333333333333,0.006542037223830099,0.01628577491877905,-0.003564263895159723,-0.007647496534783076,0.0005189687444636295,0.06863323777759249,0.06614910316321021,0.07111737239197477,0.0020191780987115393,-0.0009757844719241056,0.005014140669347184,-0.0014652908107241419,-0.005337877598601611,0.0024072959771533273
GBM01-N1-200-N2-075,200,75,12600,550,150,S09,screen,0.0,3000,2864,1500,1500,0.060333333333333336,0.05007640413115069,0.07253073284373118,0.033,0.027333333333333334,0.04533333333333334,0.03651266989143924,0.05616066963376082,-0.0022835391248714853,-0.006459672488888228,0.001892594239145258,0.06986128022469176,0.06738306151651446,0.07233949893286906,-0.039979537021690506,-0.04313398309347159,-0.03682509094990942,0.0015903233622781075,-0.0023227026738066353,0.005503349398362851
GBM01-N1-200-N2-100,200,100,14400,600,200,S01,screen,0.0,3000,2979,1500,1500,0.05733333333333333,0.04734566239476799,0.0692747150901775,0.030666666666666665,0.02666666666666667,0.007,0.0040231137598159905,0.012152743393974982,-0.0010933729408632651,-0.004546031271163722,0.0023592853894371917,0.05831413756549247,0.056229140511499034,0.0603991346194859,-0.0014010416413512679,-0.004331186498914878,0.001529103216212342,-0.00032029720018284327,-0.0036247064013037815,0.0029841120009380952
GBM01-N1-200-N2-100,200,100,14400,600,200,S02,screen,0.0,3000,2968,1500,1500,0.05566666666666667,0.045832130759024564,0.06746226923151186,0.030333333333333334,0.025333333333333333,0.010666666666666666,0.00680144026857975,0.01669156737291122,-0.0026036904570143024,-0.006087147871724426,0.0008797669576958212,0.058929480610395144,0.05683570091255804,0.06102326030823225,0.002373245857224761,-0.0005124205416637785,0.005258912256113301,-0.00028911086525656467,-0.003475191410884363,0.0028969696803712334
GBM01-N1-200-N2-100,200,100,14400,600,200,S03,screen,0.0,3000,2969,1500,1500,0.049,0.0398058910508698,0.06018459896203026,0.022,0.027,0.010333333333333333,0.006542037223830099,0.01628577491877905,-0.0009459334809268751,-0.004334810381833746,0.0024429434199799956,0.05723440760380895,0.05519392704466079,0.059274888162957104,-0.0007679968029277083,-0.0036604542782281506,0.002124460672372734,0.0015832108936437224,-0.0017748402598578383,0.004941262047145283
GBM01-N1-200-N2-100,200,100,14400,600,200,S04,screen,0.0,3000,2974,1500,1500,0.062,0.05159685699975265,0.0743362574695383,0.034333333333333334,0.027666666666666666,0.008666666666666666,0.005263710049998545,0.014238124598201514,-0.0021499942632391238,-0.005978491588562149,0.0016785030620839023,0.0647143580983715,0.062407544278281685,0.06702117191846133,0.00015468098069708317,-0.002674606856030666,0.0029839688174248327,-0.0027841112567755805,-0.00619381536957648,0.0006255928560253187
GBM01-N1-200-N2-100,200,100,14400,600,200,S05,screen,0.0,3000,2963,1500,1500,0.05533333333333333,0.04552974102397992,0.06709946346767467,0.028,0.027333333333333334,0.012333333333333333,0.008114301233505893,0.01870468390239417,-0.003095157558572862,-0.006667553068381104,0.0004772379512353801,0.060416566006745616,0.05827015345755386,0.06256297855593737,0.0027549538293519063,-0.00013989629058521608,0.005649803949289029,0.00040576442493341216,-0.002936220652082286,0.00374774950194911
GBM01-N1-200-N2-100,200,100,14400,600,200,S06,screen,0.0,3000,2971,1500,1500,0.057,0.04704274789608954,0.06891243408997415,0.029666666666666668,0.027333333333333334,0.009666666666666667,0.006026789013377336,0.015470632131468182,-0.003316230150442571,-0.006903006239262542,0.0002705459383773993,0.060314330382127114,0.058131958669884506,0.06249670209436972,0.0025682389500351673,-0.00027004488736029906,0.005406522787430633,-0.00025824606962993556,-0.0035835520665285373,0.003067059927268666
GBM01-N1-200-N2-100,200,100,14400,600,200,S07,screen,0.0,3000,2962,1500,1500,0.059666666666666666,0.04946888558965727,0.07180786038746095,0.034666666666666665,0.025,0.012666666666666666,0.008379752870551895,0.01910442776422998,-0.0037360833964774445,-0.007277772317509293,-0.00019439447544559573,0.060113680639924956,0.05799767086025291,0.062229690419597,0.003159730282524751,0.00029879956938533465,0.006020660995664167,0.000451007518695696,-0.0028668597222317243,0.0037688747596231163
GBM01-N1-200-N2-100,200,100,14400,600,200,S08,screen,0.0,3000,2972,1500,1500,0.054,0.04432126726140508,0.06564715523472224,0.028333333333333332,0.025666666666666667,0.009333333333333334,0.00577105869837476,0.015061166947588942,-0.0032260043674356624,-0.0067159513001786315,0.0002639425653073067,0.058689603462791805,0.05656575961972683,0.06081344730585678,0.0024983695132394486,-0.0003172700135573767,0.005314009040036274,0.0011498518096100102,-0.002199700328578938,0.004499403947798958
GBM01-N1-200-N2-100,200,100,14400,600,200,S09,screen,0.0,3000,2863,1500,1500,0.05333333333333334,0.04371769460207437,0.06492033689628932,0.028333333333333332,0.025,0.04566666666666667,0.036811369983072995,0.05652716504100888,-0.0011489320209676838,-0.004878362889742244,0.002580498847806877,0.06183325159641905,0.05958644399504731,0.06408005919779079,-0.031648510587975145,-0.03449784427874592,-0.028799176897204366,0.0011801649308945028,-0.0020908837778186454,0.004451213639607651
GBM01-N1-200-N2-150,200,150,18000,700,300,S01,screen,0.0,3000,2971,1500,1500,0.051333333333333335,0.041909728013384454,0.06273713049168833,0.025333333333333333,0.026,0.009666666666666667,0.006026789013377336,0.015470632131468182,0.000498547287954318,-0.002340598868761882,0.0033376934446705175,0.0478756899529645,0.046160796363774945,0.04959058354215405,-0.0016210928467526016,-0.004057362513163041,0.0008151768196578374,-5.10722769745232e-05,-0.0027589467217123066,0.00265680216776326
GBM01-N1-200-N2-150,200,150,18000,700,300,S02,screen,0.0,3000,2971,1500,1500,0.06333333333333334,0.05281487668315638,0.07577901978166185,0.035,0.028333333333333332,0.009666666666666667,0.006026789013377336,0.015470632131468182,-0.001974965814751753,-0.004792970430177452,0.0008430388006739464,0.046869106341143156,0.04512483911629556,0.04861337356599075,0.0005537256540645175,-0.0018726901078868078,0.002980141416015843,0.0013871942270600208,-0.0013349896991170214,0.004109378153237063
GBM01-N1-200-N2-150,200,150,18000,700,300,S03,screen,0.0,3000,2964,1500,1500,0.052333333333333336,0.04281318778150576,0.06382925722021249,0.027333333333333334,0.025,0.012,0.007849758859317126,0.018304030777701114,-0.001770436001013015,-0.004537241983709817,0.0009963699816837868,0.046586746747196706,0.04491272918619729,0.04826076430819612,-0.000499747701044933,-0.0029686396807220585,0.0019691442786321923,0.0030427753699449668,0.00033603455343616867,0.005749516186453765
GBM01-N1-200-N2-150,200,150,18000,700,300,S04,screen,0.0,3000,2976,1500,1500,0.06533333333333333,0.05464456867074268,0.07794050078736646,0.034333333333333334,0.031,0.008,0.004762346616820028,0.013409097033616398,-0.0022661863791152864,-0.005396059169302097,0.0008636864110715234,0.05304897355845164,0.051169799851806086,0.05492814726509719,-0.0018352769552127805,-0.004255112652145909,0.0005845587417203479,-0.0016339870745519115,-0.004446814816905325,0.0011788406678015016
GBM01-N1-200-N2-150,200,150,18000,700,300,S05,screen,0.0,3000,2965,1500,1500,0.05366666666666667,0.04401942478148128,0.06528380221576421,0.027333333333333334,0.026333333333333334,0.011666666666666667,0.007586161737740677,0.017902432400395754,-0.002289192958119926,-0.00515103614113717,0.0005726502248973179,0.048177709932560195,0.04644389137331646,0.04991152849180393,-0.0006637142840822987,-0.003084966315058842,0.0017575377468942448,-0.0007821652201245464,-0.0035055784416425564,0.0019412480013934637
GBM01-N1-200-N2-150,200,150,18000,700,300,S06,screen,0.0,3000,2975,1500,1500,0.049,0.0398058910508698,0.06018459896203026,0.026,0.023,0.008333333333333333,0.005012239024984865,0.01382440012433338,-0.0014127018218481491,-0.004314146476873348,0.0014887428331770499,0.04903797513471522,0.047289268407814375,0.05078668186161607,0.002878076252842876,0.0004944700246851241,0.0052616824810006275,0.0011850993141139347,-0.0015279353120457488,0.0038981339402736183
GBM01-N1-200-N2-150,200,150,18000,700,300,S07,screen,0.0,3000,2969,1500,1500,0.056,0.04613462719335834,0.06782496829605988,0.025333333333333333,0.030666666666666665,0.010333333333333333,0.006542037223830099,0.01628577491877905,-0.002144587494355327,-0.005033429470351099,0.0007442544816404456,0.04893996784202145,0.04720749789654677,0.05067243778749614,0.0010487639393847107,-0.0013735157901221655,0.003471043668891587,-0.0026243919914845557,-0.005384177615626549,0.00013539363265743787
GBM01-N1-200-N2-150,200,150,18000,700,300,S08,screen,0.0,3000,2969,1500,1500,0.05333333333333334,0.04371769460207437,0.06492033689628932,0.028,0.025333333333333333,0.010333333333333333,0.006542037223830099,0.01628577491877905,-0.002324962041632051,-0.005176794790528008,0.0005268707072639055,0.047882127628126984,0.046144382208605804,0.049619873047648165,0.0025633370653506305,0.00013592173676591195,0.004990752393935349,-0.0019136988788404775,-0.004621270960802423,0.0007938732031214681
GBM01-N1-200-N2-150,200,150,18000,700,300,S09,screen,0.0,3000,2856,1500,1500,0.057,0.04704274789608954,0.06891243408997415,0.032,0.025,0.048,0.038906136945158244,0.05908876657109636,-0.0011390794848442195,-0.004065242245443809,0.0017870832757553694,0.04854466081418656,0.046787149999645276,0.05030217162872785,-0.02422040386203455,-0.02670675428642411,-0.02173405343764499,0.000868351093182116,-0.0019078746456590253,0.003644576832023257
GBM01-N1-200-N2-200,200,200,21600,800,400,S01,screen,0.0,3000,2976,1500,1500,0.052,0.04251191679605569,0.06346533270678072,0.023666666666666666,0.028333333333333332,0.008,0.004762346616820028,0.013409097033616398,-0.0006182160045000778,-0.003058055227296443,0.0018216232182962874,0.041010356837763995,0.03952618091481805,0.04249453276070994,-0.0003599543688182887,-0.002523640412156169,0.0018037316745195917,0.0022444698508862957,-9.09418435761848e-05,0.004579881545348776
GBM01-N1-200-N2-200,200,200,21600,800,400,S02,screen,0.0,3000,2970,1500,1500,0.056,0.04613462719335834,0.06782496829605988,0.025333333333333333,0.030666666666666665,0.01,0.006283801751578197,0.015878814892149137,-0.0010572833705712614,-0.0035070961937941772,0.0013925294526516546,0.041600721632830434,0.04013900271217039,0.043062440553490476,0.00022052676349016475,-0.0019129913370435742,0.0023540448640239037,-0.0005966874915090939,-0.0029479307533088256,0.0017545557702906376
GBM01-N1-200-N2-200,200,200,21600,800,400,S03,screen,0.0,3000,2974,1500,1500,0.056666666666666664,0.04673993662874993,0.06855004985843194,0.027333333333333334,0.029333333333333333,0.008666666666666666,0.005263710049998545,0.014238124598201514,-0.0018416880354785415,-0.0042262361121661075,0.0005428600412090247,0.04036856308808209,0.0389344133768205,0.04180271279934369,-0.0019105884905270178,-0.004069025293145593,0.0002478483120915572,0.0013121918918459793,-0.00101227970314457,0.0036366634868365286
GBM01-N1-200-N2-200,200,200,21600,800,400,S04,screen,0.0,3000,2968,1500,1500,0.06433333333333334,0.05372933002844029,0.07686015293302341,0.034333333333333334,0.03,0.010666666666666666,0.00680144026857975,0.01669156737291122,-0.0020544759547564202,-0.004748858126173328,0.0006399062166604873,0.045113460953551766,0.043464854615945334,0.0467620672911582,-0.0004724169123483967,-0.0026375613222297967,0.0016927274975330033,-0.0009741286013893396,-0.003308223990027564,0.0013599667872488848
GBM01-N1-200-N2-200,200,200,21600,800,400,S05,screen,0.0,3000,2970,1500,1500,0.057666666666666665,0.047648679288635046,0.06963689369519227,0.03166666666666667,0.026,0.01,0.006283801751578197,0.015878814892149137,-0.0006312494670533408,-0.00315436862275895,0.0018918696886522685,0.04260536017309373,0.04108532341055631,0.044125396935631146,0.0011544000906301814,-0.0010323421805533098,0.003341142361813673,-0.0007428661246260553,-0.003094643927802364,0.0016089116785502535
GBM01-N1-200-N2-200,200,200,21600,800,400,S06,screen,0.0,3000,2982,1500,1500,0.059,0.04886175450263722,0.07108460047671737,0.03133333333333333,0.027666666666666666,0.006,0.0033020669503808645,0.010878203706764653,-0.0007048196857795653,-0.003262870064059197,0.0018532306925000664,0.043609495128375295,0.04208901377256476,0.04512997648418583,0.0015009615014787432,-0.0006235230214960928,0.003625446024453579,-0.00037227116696755277,-0.0026939681838686015,0.001949425849933496
GBM01-N1-200-N2-200,200,200,21600,800,400,S07,screen,0.0,3000,2970,1500,1500,0.058333333333333334,0.04825501697631898,0.07036094700527197,0.028666666666666667,0.029666666666666668,0.01,0.006283801751578197,0.015878814892149137,-0.0017166083309095059,-0.004223224922178997,0.0007900082603599851,0.0424097471326888,0.04090297359080712,0.04391652067457048,0.0022970883829560164,0.00014636341472101756,0.004447813351191016,0.0008414677546896499,-0.0015282536184607976,0.0032111891278400976
GBM01-N1-200-N2-200,200,200,21600,800,400,S08,screen,0.0,3000,2970,1500,1500,0.071,0.05984498716521228,0.08404840577388775,0.03966666666666667,0.03133333333333333,0.01,0.006283801751578197,0.015878814892149137,-0.0006119381446434622,-0.003169970484103132,0.0019460941948162074,0.04276191783216032,0.04119411988129053,0.04432971578303012,0.0012580773353139834,-0.0008646811710477822,0.003380835841675749,-0.0015382553526171107,-0.003917162569182401,0.0008406518639481797
GBM01-N1-200-N2-200,200,200,21600,800,400,S09,screen,0.0,3000,2829,1500,1500,0.05266666666666667,0.043114575095298605,0.06419306540530144,0.03,0.02266666666666667,0.057,0.04704274789608954,0.06891243408997415,0.001001396083343737,-0.001532773432542443,0.0035355655992299166,0.042371112026959624,0.04088372891561267,0.04385849513830658,-0.018577363685653273,-0.02077730896160491,-0.016377418409701635,0.001556069574971834,-0.0008631315528094213,0.00397527070275309
GBM01-N1-300-N2-025,300,25,12600,650,50,S01,screen,0.0,3000,2972,1500,1500,0.07233333333333333,0.06107190797042184,0.08548226696420547,0.037333333333333336,0.035,0.009333333333333334,0.00577105869837476,0.015061166947588942,-0.014111005822389906,-0.021001557066619474,-0.007220454578160337,0.11686398100848026,0.11268967071741184,0.12103829129954868,-0.0017951380240231454,-0.005600189030277274,0.002009912982230983,-0.001220633413202692,-0.0077620934353753775,0.005320826608969993
GBM01-N1-300-N2-025,300,25,12600,650,50,S02,screen,0.0,3000,2962,1500,1500,0.06633333333333333,0.05556057602916772,0.07902007992558686,0.03233333333333333,0.034,0.012666666666666666,0.008379752870551895,0.01910442776422998,-0.007321304971754066,-0.014348513558786075,-0.00029409638472205693,0.11972588888666372,0.11555671171293042,0.12389506606039702,0.0007787049441392912,-0.002943576234552129,0.004500986122830711,-0.0011952507043960904,-0.007855989282930447,0.005465487874138266
GBM01-N1-300-N2-025,300,25,12600,650,50,S03,screen,0.0,3000,2961,1500,1500,0.06066666666666667,0.05038030683446497,0.07289202563929871,0.03133333333333333,0.029333333333333333,0.013,0.008646080030504492,0.019503296103159207,-0.006213566118292653,-0.01299737881657168,0.0005702465799863748,0.11364464502357009,0.10950251989104995,0.11778677015609024,-0.0006282101558895567,-0.004518066577864606,0.003261646266085493,-0.00014084464922916576,-0.006645620289093954,0.006363930990635623
GBM01-N1-300-N2-025,300,25,12600,650,50,S04,screen,0.0,3000,2968,1500,1500,0.07233333333333333,0.06107190797042184,0.08548226696420547,0.03833333333333333,0.034,0.010666666666666666,0.00680144026857975,0.01669156737291122,-0.008509125790502075,-0.016284843222115576,-0.0007334083588885747,0.13256404551224982,0.12794604726192405,0.1371820437625756,-0.003537769101605207,-0.007216689763134136,0.0001411515599237215,0.003456259422762227,-0.0031554465795440396,0.010067965425068492
GBM01-N1-300-N2-025,300,25,12600,650,50,S05,screen,0.0,3000,2966,1500,1500,0.06,0.0497725968037077,0.07216934467229234,0.029,0.031,0.011333333333333334,0.007323548324461517,0.01749985031479309,-0.012351698877173196,-0.019463888496789344,-0.005239509257557048,0.12101050809368628,0.11674949754012418,0.1252715186472484,0.0024138787806023926,-0.001396466676997372,0.006224224238202157,0.0025992562657053565,-0.004026199351590029,0.009224711883000742
GBM01-N1-300-N2-025,300,25,12600,650,50,S06,screen,0.0,3000,2958,1500,1500,0.060333333333333336,0.05007640413115069,0.07253073284373118,0.030666666666666665,0.029666666666666668,0.014,0.009450007097834473,0.02069495553247468,-0.006115150477910854,-0.013213054821699535,0.0009827538658778272,0.1196929340832793,0.11541290173809793,0.12397296642846067,0.004972295748772501,0.001454981277003982,0.008489610220541021,-0.000530590336866731,-0.0071126667682704205,0.006051486094536959
GBM01-N1-300-N2-025,300,25,12600,650,50,S07,screen,0.0,3000,2962,1500,1500,0.06066666666666667,0.05038030683446497,0.07289202563929871,0.03266666666666666,0.028,0.012666666666666666,0.008379752870551895,0.01910442776422998,-0.012690785896776479,-0.01980611759242784,-0.005575454201125119,0.12053347544695209,0.11623995388695359,0.12482699700695059,0.004870417014967987,0.0012920659342332808,0.008448768095702693,-0.006828261198937406,-0.013441469326981042,-0.0002150530708937698
GBM01-N1-300-N2-025,300,25,12600,650,50,S08,screen,0.0,3000,2956,1500,1500,0.075,0.06352928385689334,0.08834645506878851,0.04133333333333333,0.033666666666666664,0.014666666666666666,0.009989802668128874,0.02148555095994391,-0.011106332476998677,-0.01834849794298491,-0.0038641670110124426,0.12241788169941754,0.11805011703927941,0.1267856463595557,0.006992268373676556,0.003529956898150692,0.01045457984920242,0.0019483257852056643,-0.004572235776119941,0.00846888734653127
GBM01-N1-300-N2-025,300,25,12600,650,50,S09,screen,0.0,3000,2908,1500,1500,0.06366666666666666,0.05311960616002069,0.07613948580367934,0.035,0.028666666666666667,0.030666666666666665,0.023537133357014937,0.039867604217385125,-0.009936720324019545,-0.017157736792478402,-0.002715703855560689,0.12084305123387645,0.11647972056317765,0.12520638190457525,-0.081576730974602,-0.08520126906421209,-0.0779521928849919,0.004614809995684672,-0.002007460394819388,0.011237080386188732
GBM01-N1-300-N2-040,300,40,13680,680,80,S01,screen,0.0,3000,2972,1500,1500,0.05733333333333333,0.04734566239476799,0.0692747150901775,0.029,0.028333333333333332,0.009333333333333334,0.00577105869837476,0.015061166947588942,-0.007897746280764981,-0.013327208888146059,-0.002468283673383904,0.09180896413636679,0.08852341951674404,0.09509450875598953,-0.0017480536257533032,-0.005236132006312337,0.0017400247548057311,0.005385569583702882,0.0002020677782650169,0.010569071389140747
GBM01-N1-300-N2-040,300,40,13680,680,80,S02,screen,0.0,3000,2967,1500,1500,0.061,0.05068430418606185,0.07325322378658364,0.032,0.029,0.011,0.007061959784684468,0.017096243355688316,-0.0016326875375039423,-0.00731555544174862,0.0040501803667407354,0.09628758254886015,0.09288740641747151,0.09968775868024879,0.0007453321759450148,-0.0027864305308007353,0.004277094882690765,-0.0018150593817866166,-0.007058191677680776,0.0034280729141075435
GBM01-N1-300-N2-040,300,40,13680,680,80,S03,screen,0.0,3000,2971,1500,1500,0.05633333333333333,0.04643722944098404,0.068187561547316,0.026,0.030333333333333334,0.009666666666666667,0.006026789013377336,0.015470632131468182,-0.007464574097229925,-0.012774566305258974,-0.002154581889200877,0.08982365119410457,0.08661488751715544,0.0930324148710537,0.0002924123176883029,-0.003203021735582248,0.0037878463709588536,-0.0008392153115333992,-0.006131711354944936,0.004453280731878138
GBM01-N1-300-N2-040,300,40,13680,680,80,S04,screen,0.0,3000,2966,1500,1500,0.06333333333333334,0.05281487668315638,0.07577901978166185,0.031,0.03233333333333333,0.011333333333333334,0.007323548324461517,0.01749985031479309,-0.009006021658174204,-0.01511038275933065,-0.002901660557017757,0.10332456368632192,0.09964289314134626,0.10700623423129758,-0.0008099237159792418,-0.004088853093840498,0.002469005661882014,-0.0017950256732335093,-0.007077446508585184,0.003487395162118165
GBM01-N1-300-N2-040,300,40,13680,680,80,S05,screen,0.0,3000,2971,1500,1500,0.06333333333333334,0.05281487668315638,0.07577901978166185,0.03133333333333333,0.032,0.009666666666666667,0.006026789013377336,0.015470632131468182,-0.00754195425369683,-0.013181146388716347,-0.0019027621186773133,0.09571213175244414,0.09232649126328929,0.09909777224159899,0.004222216339967433,0.0007054010720366965,0.007739031607898169,-0.003129447092104279,-0.00849414032632978,0.0022352461421212212
GBM01-N1-300-N2-040,300,40,13680,680,80,S06,screen,0.0,3000,2978,1500,1500,0.06166666666666667,0.05129257997229359,0.07397533899811556,0.029666666666666668,0.032,0.007333333333333333,0.004267676697941736,0.012573375954731052,-0.0074870390814034075,-0.01316034844091989,-0.0018137297218869244,0.09652638031658961,0.09312849364650697,0.09992426698667226,0.005442408943594049,0.0021116513416398843,0.008773166545548215,0.0004554727506676516,-0.004828004931824607,0.00573895043315991
GBM01-N1-300-N2-040,300,40,13680,680,80,S07,screen,0.0,3000,2962,1500,1500,0.06133333333333333,0.05098839546809815,0.07361432800342917,0.030666666666666665,0.030666666666666665,0.012666666666666666,0.008379752870551895,0.01910442776422998,-0.004423528285229064,-0.00994919921780629,0.0011021426473481607,0.09362245783104113,0.0903154596649698,0.09692945599711246,0.0033409986513014567,3.710315980220112e-05,0.006644894142800712,3.8188355916911775e-05,-0.00524132299988109,0.005317699711714914
GBM01-N1-300-N2-040,300,40,13680,680,80,S08,screen,0.0,3000,2959,1500,1500,0.061,0.05068430418606185,0.07325322378658364,0.03166666666666667,0.029333333333333333,0.013666666666666667,0.009181236074875046,0.020298531056552285,-0.006127088527207124,-0.011917407108884238,-0.0003367699455300091,0.09836654452979955,0.09491568328873222,0.10181740577086688,0.006117495522028356,0.0028586799529852986,0.009376311091071413,-0.0013639865726280816,-0.006476618921619864,0.003748645776363701
GBM01-N1-300-N2-040,300,40,13680,680,80,S09,screen,0.0,3000,2899,1500,1500,0.063,0.05251023636990424,0.07541846459603219,0.035666666666666666,0.027333333333333334,0.033666666666666664,0.026160424742651987,0.043231072321684424,-0.0035140990223252373,-0.009322749695513189,0.0022945516508627146,0.09677831496240231,0.09326756264420441,0.10028906728060022,-0.07217898397345819,-0.07562412470733636,-0.06873384323958003,0.0008540309392027065,-0.0045180275623671225,0.006226089440772535
GBM01-N1-300-N2-050,300,50,14400,700,100,S01,screen,0.0,3000,2960,1500,1500,0.05333333333333334,0.04371769460207437,0.06492033689628932,0.030333333333333334,0.023,0.013333333333333334,0.008913251030863281,0.01990132060168224,-0.0010094663605066635,-0.0058410835910509325,0.003822150870037606,0.08198528043365752,0.0791086236584808,0.08486193720883424,-0.0007881294864827364,-0.004103709966962416,0.0025274509939969434,-0.0002729547683572705,-0.004943925455944698,0.004398015919230156
GBM01-N1-300-N2-050,300,50,14400,700,100,S02,screen,0.0,3000,2967,1500,1500,0.064,0.053424424154398284,0.07649986330818358,0.031,0.033,0.011,0.007061959784684468,0.017096243355688316,-0.00549282160598373,-0.010402569752786379,-0.0005830734591810828,0.08318667871253933,0.08023826686082991,0.08613509056424876,0.00044570098152256363,-0.0028583593838663753,0.0037497613469115025,-0.0005864283701500428,-0.005347254040737088,0.004174397300437003
GBM01-N1-300-N2-050,300,50,14400,700,100,S03,screen,0.0,3000,2970,1500,1500,0.056666666666666664,0.04673993662874993,0.06855004985843194,0.027,0.029666666666666668,0.01,0.006283801751578197,0.015878814892149137,-0.008004980378660993,-0.012750083106666983,-0.0032598776506550043,0.08015302769136746,0.07727167449329225,0.08303438088944268,0.0023239907366408253,-0.0010171319194160638,0.005665113392697714,0.0015412235549840145,-0.0032483038272962503,0.00633075093726428
GBM01-N1-300-N2-050,300,50,14400,700,100,S04,screen,0.0,3000,2967,1500,1500,0.058333333333333334,0.04825501697631898,0.07036094700527197,0.035666666666666666,0.02266666666666667,0.011,0.007061959784684468,0.017096243355688316,-0.012944295085052638,-0.018338355593942646,-0.007550234576162631,0.09238873645836472,0.08916747524426227,0.09560999767246717,-0.0006942510753045426,-0.003799078063944146,0.002410575913335061,9.687224282879336e-05,-0.004576873956381667,0.004770618442039253
GBM01-N1-300-N2-050,300,50,14400,700,100,S05,screen,0.0,3000,2974,1500,1500,0.051,0.041608812359602614,0.06237285064658834,0.023666666666666666,0.027333333333333334,0.008666666666666666,0.005263710049998545,0.014238124598201514,-0.0059071455517373805,-0.010853362801766346,-0.0009609283017084158,0.08370963941208509,0.08072557909369771,0.08669369973047247,0.001366070589713434,-0.0019198557413268712,0.004651996920753739,-0.0016354606576375885,-0.006352563129361098,0.0030816418140859206
GBM01-N1-300-N2-050,300,50,14400,700,100,S06,screen,0.0,3000,2963,1500,1500,0.05633333333333333,0.04643722944098404,0.068187561547316,0.029333333333333333,0.027,0.012333333333333333,0.008114301233505893,0.01870468390239417,-0.008446984705852341,-0.013434973963627084,-0.003458995448077598,0.08522298266678882,0.08226142888079012,0.08818453645278752,0.0017958463431256818,-0.0014686972179154848,0.005060389904166848,4.6740945946686714e-05,-0.004678664087843267,0.00477214597973664
GBM01-N1-300-N2-050,300,50,14400,700,100,S07,screen,0.0,3000,2966,1500,1500,0.050666666666666665,0.04130801732179694,0.062008450185512196,0.026333333333333334,0.024333333333333332,0.011333333333333334,0.007323548324461517,0.01749985031479309,-0.004134332460106249,-0.009105523311058693,0.0008368583908461942,0.08410419610753182,0.08111717347611386,0.08709121873894979,0.003956487179990493,0.000856648087733614,0.007056326272247372,-0.0008058924617626043,-0.005475411374021969,0.0038636264504967603
GBM01-N1-300-N2-050,300,50,14400,700,100,S08,screen,0.0,3000,2967,1500,1500,0.06733333333333333,0.05647733613436853,0.08009890631703151,0.04033333333333333,0.027,0.011,0.007061959784684468,0.017096243355688316,-0.008003186090962896,-0.013062276019229614,-0.002944096162696178,0.08509405619605231,0.08200542067292897,0.08818269171917566,0.003270168174166615,0.00015040405712178585,0.006389932291211445,0.00044554150273881155,-0.004288190877797852,0.005179273883275474
GBM01-N1-300-N2-050,300,50,14400,700,100,S09,screen,0.0,3000,2855,1500,1500,0.056,0.04613462719335834,0.06782496829605988,0.03,0.026,0.04833333333333333,0.03920592532713859,0.05945417368799782,-0.006887338287603345,-0.011959613105988018,-0.0018150634692186722,0.08410312661608531,0.08103810430913357,0.08716814892303705,-0.06355347651429677,-0.06686553183912788,-0.060241421189465655,0.0008812572056744521,-0.0038153056533519513,0.005577820064700856
GBM01-N1-300-N2-075,300,75,16200,750,150,S01,screen,0.0,3000,2969,1500,1500,0.056,0.04613462719335834,0.06782496829605988,0.027666666666666666,0.028333333333333332,0.010333333333333333,0.006542037223830099,0.01628577491877905,-0.0035779574226568727,-0.007592028217492457,0.0004361133721787116,0.06786415131880778,0.06544634331048435,0.07028195932713122,-0.0024025655464194216,-0.005347253285262188,0.0005421221924233445,0.0010502017597154346,-0.00282806885447131,0.00492847237390218
GBM01-N1-300-N2-075,300,75,16200,750,150,S02,screen,0.0,3000,2974,1500,1500,0.048666666666666664,0.039505843779537655,0.05981945073448057,0.025666666666666667,0.023,0.008666666666666666,0.005263710049998545,0.014238124598201514,-0.003404688798956648,-0.007457845513722895,0.0006484679158095985,0.0689705564432777,0.06655440093416824,0.07138671195238715,0.0015234609868234395,-0.00144259076116423,0.004489512734811109,-0.0017098596720930604,-0.0056008464767585775,0.002181127132572457
GBM01-N1-300-N2-075,300,75,16200,750,150,S03,screen,0.0,3000,2976,1500,1500,0.049666666666666665,0.04040636714812104,0.06091451386254264,0.026333333333333334,0.023333333333333334,0.008,0.004762346616820028,0.013409097033616398,-0.0024289497460033295,-0.006336109666757701,0.001478210174751042,0.06642495211878324,0.06409284451368642,0.06875705972388006,-0.0012396547655137038,-0.0041915568624438845,0.0017122473314164764,0.0001713199429388669,-0.003708730618851286,0.00405137050472902
GBM01-N1-300-N2-075,300,75,16200,750,150,S04,screen,0.0,3000,2974,1500,1500,0.06266666666666666,0.05220568587476399,0.0750578195922906,0.03166666666666667,0.031,0.008666666666666666,0.005263710049998545,0.014238124598201514,-0.004496268422154519,-0.00890577027666389,-8.67665676451473e-05,0.07478700495335812,0.07214000427151486,0.07743400563520138,-0.0017572350784564735,-0.004567235338297317,0.0010527651813843693,-0.0002264968827567627,-0.004037340537003694,0.0035843467714901686
GBM01-N1-300-N2-075,300,75,16200,750,150,S05,screen,0.0,3000,2971,1500,1500,0.054,0.04432126726140508,0.06564715523472224,0.031,0.023,0.009666666666666667,0.006026789013377336,0.015470632131468182,-0.0034354714796128055,-0.007481805823024707,0.0006108628637990954,0.06882318328347226,0.06641119482282065,0.07123517174412386,0.0039670998348192,0.001022273118949746,0.006911926550688653,-0.0002929533293808725,-0.004201619826841777,0.0036157131680800312
GBM01-N1-300-N2-075,300,75,16200,750,150,S06,screen,0.0,3000,2961,1500,1500,0.052333333333333336,0.04281318778150576,0.06382925722021249,0.030666666666666665,0.021666666666666667,0.013,0.008646080030504492,0.019503296103159207,-0.0035579843257076385,-0.00767074630659194,0.0005547776551766627,0.06862292736409017,0.06609555015385397,0.07115030457432638,0.0053980649626957965,0.0024605524371937013,0.008335577488197892,-0.002146104720376351,-0.005964437585902697,0.0016722281451499958
GBM01-N1-300-N2-075,300,75,16200,750,150,S07,screen,0.0,3000,2972,1500,1500,0.057,0.04704274789608954,0.06891243408997415,0.027666666666666666,0.029333333333333333,0.009333333333333334,0.00577105869837476,0.015061166947588942,-0.006795783049202169,-0.011033270777479703,-0.0025582953209246345,0.07222927800888632,0.06969776138957694,0.0747607946281957,0.0020814983865328437,-0.0008347458863195022,0.00499774265938519,-0.0006587007429074502,-0.0045659138709086625,0.0032485123850937623
GBM01-N1-300-N2-075,300,75,16200,750,150,S08,screen,0.0,3000,2957,1500,1500,0.061,0.05068430418606185,0.07325322378658364,0.033,0.028,0.014333333333333333,0.00971953762913326,0.021090620500057708,-0.004321742996494919,-0.008506466547556678,-0.00013701944543315948,0.07125409014903251,0.06877257540303482,0.07373560489503021,0.0034717401335137305,0.000689126731480064,0.006254353535547397,-0.0023426638821933193,-0.006292090448770826,0.0016067626843841876
GBM01-N1-300-N2-075,300,75,16200,750,150,S09,screen,0.0,3000,2843,1500,1500,0.057,0.04704274789608954,0.06891243408997415,0.027,0.03,0.052333333333333336,0.04281318778150576,0.06382925722021249,-0.004994250328972656,-0.009125526860967821,-0.0008629737969774905,0.06791940064877387,0.06539826580638854,0.07044053549115921,-0.0519276106986948,-0.05488999555196139,-0.048965225845428215,-0.0001224587900469123,-0.0040561561335586875,0.003811238553464863
GBM01-N1-300-N2-100,300,100,18000,800,200,S01,screen,0.0,3000,2967,1500,1500,0.056666666666666664,0.04673993662874993,0.06855004985843194,0.026333333333333334,0.030333333333333334,0.011,0.007061959784684468,0.017096243355688316,-0.003948492799109234,-0.00742654411142849,-0.0004704414867899784,0.05868951497743084,0.05658558664751889,0.06079344330734279,-0.00021519270018119792,-0.002932532642195293,0.0025021472418328967,0.0014784141187108315,-0.0018384434744826983,0.004795271711904361
GBM01-N1-300-N2-100,300,100,18000,800,200,S02,screen,0.0,3000,2972,1500,1500,0.050666666666666665,0.04130801732179694,0.062008450185512196,0.027333333333333334,0.023333333333333334,0.009333333333333334,0.00577105869837476,0.015061166947588942,-0.00160669958177304,-0.005014007353068706,0.0018006081895226263,0.05780152075940995,0.05576331370889332,0.05983972780992657,0.0018143656457566624,-0.0008397485941373463,0.004468479885650671,-0.00025093818774528446,-0.0035160142220726,0.0030141378465820307
GBM01-N1-300-N2-100,300,100,18000,800,200,S03,screen,0.0,3000,2966,1500,1500,0.04733333333333333,0.03830695550562496,0.05835755701286599,0.023666666666666666,0.023666666666666666,0.011333333333333334,0.007323548324461517,0.01749985031479309,-0.0017885348557507945,-0.005106006906817184,0.001528937195315595,0.05607275222930606,0.05407851465102132,0.05806698980759079,9.169773861576734e-05,-0.002625077048354085,0.00280847252558562,0.0006730148996377313,-0.002587756983561996,0.003933786782837459
GBM01-N1-300-N2-100,300,100,18000,800,200,S04,screen,0.0,3000,2974,1500,1500,0.061,0.05068430418606185,0.07325322378658364,0.035333333333333335,0.025666666666666667,0.008666666666666666,0.005263710049998545,0.014238124598201514,-0.0022447740833511022,-0.006170191481580878,0.0016806433148786738,0.06656216909569557,0.06421004826108449,0.06891428993030664,0.0008375291437181967,-0.0017636426311080588,0.003438700918544452,-0.0015079190593225806,-0.0048873547095457884,0.0018715165909006276
GBM01-N1-300-N2-100,300,100,18000,800,200,S05,screen,0.0,3000,2970,1500,1500,0.05333333333333334,0.04371769460207437,0.06492033689628932,0.027333333333333334,0.026,0.01,0.006283801751578197,0.015878814892149137,-0.0014325395838884003,-0.0049327302045232635,0.002067651036746463,0.059334919498638505,0.057240098062809705,0.061429740934467306,0.001660202451339914,-0.001009400713388181,0.004329805616068009,0.0003479698699930066,-0.002993268791922969,0.003689208531908982
GBM01-N1-300-N2-100,300,100,18000,800,200,S06,screen,0.0,3000,2974,1500,1500,0.050333333333333334,0.041007344015243544,0.06164392799318377,0.024,0.026333333333333334,0.008666666666666666,0.005263710049998545,0.014238124598201514,-0.002738556095842294,-0.006269281095012029,0.0007921689033274413,0.06010917029561887,0.05800695490115886,0.062211385690078884,0.002783915709985635,0.00018715018359020518,0.005380681236381065,0.0009263928295040999,-0.002396806064733302,0.004249591723741502
GBM01-N1-300-N2-100,300,100,18000,800,200,S07,screen,0.0,3000,2972,1500,1500,0.06333333333333334,0.05281487668315638,0.07577901978166185,0.03966666666666667,0.023666666666666666,0.009333333333333334,0.00577105869837476,0.015061166947588942,0.0016754071800055036,-0.001869664679056714,0.005220479039067721,0.05996221580443977,0.05783047154313008,0.062093960065749465,0.0028667788972683477,0.00026928534031224775,0.005464272454224447,-0.0022212564321491242,-0.005560532992617348,0.0011180201283190992
GBM01-N1-300-N2-100,300,100,18000,800,200,S08,screen,0.0,3000,2975,1500,1500,0.057666666666666665,0.047648679288635046,0.06963689369519227,0.031,0.02666666666666667,0.008333333333333333,0.005012239024984865,0.01382440012433338,-0.0033019275127332912,-0.0069052105465223215,0.00030135552105573903,0.060518424570567934,0.05831908377094784,0.06271776537018803,0.0038247456208248343,0.0011913858315962967,0.006458105410053372,0.00033220985457414385,-0.002991724796582296,0.003656144505730584
GBM01-N1-300-N2-100,300,100,18000,800,200,S09,screen,0.0,3000,2829,1500,1500,0.04566666666666667,0.036811369983072995,0.05652716504100888,0.025333333333333333,0.02033333333333333,0.057,0.04704274789608954,0.06891243408997415,-0.0007876663672991838,-0.00439345039785626,0.002818117663257893,0.05939574739222675,0.05722174716985564,0.06156974761459786,-0.042374972407494355,-0.04503061997743895,-0.03971932483754976,0.0035909238399404893,0.00019672382042178627,0.006985123859459192
GBM01-N1-300-N2-150,300,150,21600,900,300,S01,screen,0.0,3000,2979,1500,1500,0.052,0.04251191679605569,0.06346533270678072,0.025,0.027,0.007,0.0040231137598159905,0.012152743393974982,-0.0005714161729594194,-0.0034157589137468144,0.002272926567827976,0.04788512788754978,0.04615819165313518,0.04961206412196439,-0.0008229463402370816,-0.0031884797708107955,0.001542587090336632,-0.00042629870106813847,-0.003136739679702128,0.0022841422775658512
GBM01-N1-300-N2-150,300,150,21600,900,300,S02,screen,0.0,3000,2975,1500,1500,0.051,0.041608812359602614,0.06237285064658834,0.029333333333333333,0.021666666666666667,0.008333333333333333,0.005012239024984865,0.01382440012433338,-0.0008133289144823732,-0.003690219010040313,0.002063561181075567,0.0489058747234255,0.04719065481234651,0.050621094634504496,-0.0007922267431402869,-0.0031196933804375445,0.001535239894156971,0.00011324707818828647,-0.0026635512778578783,0.0028900454342344513
GBM01-N1-300-N2-150,300,150,21600,900,300,S03,screen,0.0,3000,2964,1500,1500,0.055,0.04522745888733454,0.06673655010543823,0.026,0.029,0.012,0.007849758859317126,0.018304030777701114,-0.0022512770623070934,-0.004966794705759076,0.00046424058114488903,0.04572805907416187,0.04408398177019987,0.047372136378123875,-0.0009331088433961706,-0.0032629687605592074,0.0013967510737668664,0.0016466225836726412,-0.0010349439047036889,0.0043281890720489715
GBM01-N1-300-N2-150,300,150,21600,900,300,S04,screen,0.0,3000,2962,1500,1500,0.056,0.04613462719335834,0.06782496829605988,0.036333333333333336,0.019666666666666666,0.012666666666666666,0.008379752870551895,0.01910442776422998,-0.0018848466006991093,-0.005032568650967212,0.0012628754495689933,0.05371296316650041,0.0518551872394661,0.05557073909353473,0.0010843585910819927,-0.0012413418196619331,0.0034100590018259188,-3.518434143778376e-05,-0.0027086140886606862,0.002638245405785119
GBM01-N1-300-N2-150,300,150,21600,900,300,S05,screen,0.0,3000,2968,1500,1500,0.04633333333333333,0.03740919141683123,0.05725973460501427,0.025333333333333333,0.021,0.010666666666666666,0.00680144026857975,0.01669156737291122,-0.0007034512111263806,-0.003655278995433485,0.0022483765731807237,0.04976740165266692,0.04798534935842902,0.05154945394690483,0.0008319981519581183,-0.001505423428668501,0.003169419732584738,-0.0009528583050003047,-0.003623166256502524,0.0017174496465019145
GBM01-N1-300-N2-150,300,150,21600,900,300,S06,screen,0.0,3000,2973,1500,1500,0.05633333333333333,0.04643722944098404,0.068187561547316,0.030666666666666665,0.025666666666666667,0.009,0.0055166755619983614,0.014650354585083519,-0.0037326770374315047,-0.0066107334353568865,-0.0008546206395061233,0.04878392202254337,0.047051488468917414,0.050516355576169326,0.0024802023581323588,0.00022092465683984592,0.004739480059424872,0.00037947206027523825,-0.0023447367974903507,0.0031036809180408275
GBM01-N1-300-N2-150,300,150,21600,900,300,S07,screen,0.0,3000,2965,1500,1500,0.05433333333333333,0.04462322107290078,0.06601039692210836,0.028666666666666667,0.025666666666666667,0.011666666666666667,0.007586161737740677,0.017902432400395754,-0.0007329867681886206,-0.003535787460121868,0.002069813923744627,0.047318950478338034,0.04563232068042283,0.049005580276253236,0.0010287866467930571,-0.0012679336454110718,0.003325506938997186,-0.0013383337992087779,-0.004125323619737705,0.0014486560213201492
GBM01-N1-300-N2-150,300,150,21600,900,300,S08,screen,0.0,3000,2966,1500,1500,0.062,0.05159685699975265,0.0743362574695383,0.03166666666666667,0.030333333333333334,0.011333333333333334,0.007323548324461517,0.01749985031479309,-0.003343684815540767,-0.006283189518134712,-0.0004041801129468217,0.04972170938731908,0.047951551395823966,0.0514918673788142,0.002002684006830698,-0.0002827412770007049,0.004288109290662101,0.0007675768721440042,-0.0020202580445681196,0.0035554117888561285
GBM01-N1-300-N2-150,300,150,21600,900,300,S09,screen,0.0,3000,2799,1500,1500,0.059666666666666666,0.04946888558965727,0.07180786038746095,0.03,0.029666666666666668,0.067,0.05617166675565691,0.07973938019686133,-0.0013668306603690594,-0.004345198837179049,0.0016115375164409303,0.04916902525670939,0.04739638050267369,0.05094167001074509,-0.032902652790910626,-0.03528469608809909,-0.03052060949372216,0.002125287327658765,-0.0006895291367101596,0.0049401037920276895
GBM01-N1-300-N2-200,300,200,25200,1000,400,S01,screen,0.0,3000,2977,1500,1500,0.049666666666666665,0.04040636714812104,0.06091451386254264,0.023666666666666666,0.026,0.007666666666666666,0.004514125223704802,0.012992122927849806,0.0007759347134513592,-0.0017016530169801892,0.003253522443882908,0.042149486161151786,0.040673357125988505,0.04362561519631507,0.00032207141586667486,-0.0017691953735186458,0.0024133382052519956,-0.0010507321776318575,-0.0034071514057469813,0.0013056870504832663
GBM01-N1-300-N2-200,300,200,25200,1000,400,S02,screen,0.0,3000,2969,1500,1500,0.056666666666666664,0.04673993662874993,0.06855004985843194,0.03266666666666666,0.024,0.010333333333333333,0.006542037223830099,0.01628577491877905,-0.0013178704629124662,-0.003760039449229943,0.0011242985234050104,0.04127386454657485,0.03980421661933531,0.04274351247381439,7.607197265142763e-05,-0.002071362608639721,0.0022235065539425764,-0.0007237125483708757,-0.003039171082883506,0.0015917459861417545
GBM01-N1-300-N2-200,300,200,25200,1000,400,S03,screen,0.0,3000,2961,1500,1500,0.04633333333333333,0.03740919141683123,0.05725973460501427,0.021666666666666667,0.024666666666666667,0.013,0.008646080030504492,0.019503296103159207,-0.0013341248364914843,-0.003732933969096983,0.0010646842961140148,0.040412025126470366,0.03896372308334469,0.04186032716959604,-0.0015206465451690365,-0.003623935090586149,0.000582642000248076,0.0030211469297791414,0.0006175580292481675,0.005424735830310116
GBM01-N1-300-N2-200,300,200,25200,1000,400,S04,screen,0.0,3000,2966,1500,1500,0.052333333333333336,0.04281318778150576,0.06382925722021249,0.028666666666666667,0.023666666666666666,0.011333333333333334,0.007323548324461517,0.01749985031479309,0.0007440858161150816,-0.0019652878115529303,0.0034534594437830935,0.04576345420905781,0.04413389558842937,0.04739301282968625,0.00031569588313225846,-0.0017671718103892213,0.002398563576653738,-2.9502476993948734e-05,-0.0023865790561925096,0.0023275741022046118
GBM01-N1-300-N2-200,300,200,25200,1000,400,S05,screen,0.0,3000,2968,1500,1500,0.05633333333333333,0.04643722944098404,0.068187561547316,0.027333333333333334,0.029,0.010666666666666666,0.00680144026857975,0.01669156737291122,-0.0010089369479475549,-0.0034892378336061846,0.0014713639377110749,0.041547301504823254,0.04003269397394187,0.043061909035704636,0.0009436938603315856,-0.0011953945988085577,0.003082782319471729,0.0001304476368630387,-0.002229758961470886,0.002490654235196963
GBM01-N1-300-N2-200,300,200,25200,1000,400,S06,screen,0.0,3000,2966,1500,1500,0.052333333333333336,0.04281318778150576,0.06382925722021249,0.028333333333333332,0.024,0.011333333333333334,0.007323548324461517,0.01749985031479309,-0.0005531469921804265,-0.003056776963373459,0.0019504829790126061,0.04216410072293898,0.04065063795289562,0.043677563492982345,0.0043599848197610905,0.0023207167967631854,0.006399252842758996,0.0008394739612602756,-0.001514015720130798,0.0031929636426513493
GBM01-N1-300-N2-200,300,200,25200,1000,400,S07,screen,0.0,3000,2972,1500,1500,0.06366666666666666,0.05311960616002069,0.07613948580367934,0.034666666666666665,0.029,0.009333333333333334,0.00577105869837476,0.015061166947588942,-7.878370999101479e-05,-0.002621475411343761,0.002463907991361732,0.042889446443907395,0.041354103986324456,0.044424788901490334,0.003270812873506747,0.0011657342689445293,0.005375891478068965,-0.0007844515941541923,-0.0031034578627603584,0.001534554674451974
GBM01-N1-300-N2-200,300,200,25200,1000,400,S08,screen,0.0,3000,2967,1500,1500,0.051,0.041608812359602614,0.06237285064658834,0.02666666666666667,0.024333333333333332,0.011,0.007061959784684468,0.017096243355688316,-0.00029866096645082406,-0.002814670126330518,0.00221734819342887,0.04249232866613766,0.04097858940541629,0.04400606792685904,0.0020502676464956354,-4.091593748701584e-06,0.004104626886739972,-0.0016141217349341839,-0.0039579567365320145,0.0007297132666636468
GBM01-N1-300-N2-200,300,200,25200,1000,400,S09,screen,0.0,3000,2783,1500,1500,0.053,0.04341607770700619,0.06455675829247567,0.03133333333333333,0.021666666666666667,0.07233333333333333,0.06107190797042184,0.08548226696420547,-0.00041673633087755335,-0.0030403132758804936,0.002206840614125387,0.04260284936081271,0.04100444337720627,0.044201255344419155,-0.026538467917048236,-0.02868521968754781,-0.02439171614654866,0.0012313620020935145,-0.0012204865069114325,0.0036832105110984614
GBM01-N1-400-N2-025,400,25,16200,850,50,S01,screen,0.0,3000,2963,1500,1500,0.06866666666666667,0.057700827362282756,0.08153619708464456,0.038,0.030666666666666665,0.012333333333333333,0.008114301233505893,0.01870468390239417,-0.011313288357519543,-0.018182867426735128,-0.0044437092883039585,0.1160823994756885,0.11192385839510066,0.12024094055627635,-0.00187406323378789,-0.00533255179276554,0.0015844253251897607,0.00010668116462693707,-0.006426690673891772,0.006640053003145646
GBM01-N1-400-N2-025,400,25,16200,850,50,S02,screen,0.0,3000,2966,1500,1500,0.06466666666666666,0.054034323152400435,0.07722035530794506,0.034,0.030666666666666665,0.011333333333333334,0.007323548324461517,0.01749985031479309,-0.007247359237996006,-0.014411750587874191,-8.296788811782037e-05,0.12115742653604042,0.11684488751526322,0.12546996555681764,-0.0006257400619394571,-0.004131286725019636,0.002879806601140722,-0.005796729297677333,-0.0122231867585905,0.000629728163235835
GBM01-N1-400-N2-025,400,25,16200,850,50,S03,screen,0.0,3000,2968,1500,1500,0.052,0.04251191679605569,0.06346533270678072,0.026,0.026,0.010666666666666666,0.00680144026857975,0.01669156737291122,-0.009140092687560242,-0.015812906930306517,-0.0024672784448139676,0.11300763765618513,0.10898831220062283,0.11702696311174743,-0.0009785432350366554,-0.004460933594061932,0.0025038471239886215,0.004113015473126237,-0.002451535669254194,0.01067756661550667
GBM01-N1-400-N2-025,400,25,16200,850,50,S04,screen,0.0,3000,2961,1500,1500,0.06866666666666667,0.057700827362282756,0.08153619708464456,0.039,0.029666666666666668,0.013,0.008646080030504492,0.019503296103159207,-0.015489453609901492,-0.022969185330834727,-0.008009721888968258,0.12687825288696888,0.12236161696306297,0.1313948888108748,-0.0006471749791156405,-0.00389218335210343,0.0025978333938721492,0.0006927286833311504,-0.005879636481703902,0.007265093848366203
GBM01-N1-400-N2-025,400,25,16200,850,50,S05,screen,0.0,3000,2969,1500,1500,0.063,0.05251023636990424,0.07541846459603219,0.030333333333333334,0.03266666666666666,0.010333333333333333,0.006542037223830099,0.01628577491877905,-0.012954129022489429,-0.01993528491966331,-0.005972973125315551,0.1188972009518814,0.11471273588186946,0.12308166602189334,0.0045686664732004206,0.0011382526197800816,0.00799908032662076,0.0006043096756395641,-0.006025158969375036,0.007233778320654164
GBM01-N1-400-N2-025,400,25,16200,850,50,S06,screen,0.0,3000,2965,1500,1500,0.06866666666666667,0.057700827362282756,0.08153619708464456,0.035,0.033666666666666664,0.011666666666666667,0.007586161737740677,0.017902432400395754,-0.010119791794119148,-0.017183048127807934,-0.003056535460430363,0.11974872071099586,0.11550379730122971,0.12399364412076201,0.007638505261105969,0.004333336271669042,0.010943674250542896,-0.0014684303604466816,-0.008028537559323642,0.005091676838430278
GBM01-N1-400-N2-025,400,25,16200,850,50,S07,screen,0.0,3000,2972,1500,1500,0.064,0.053424424154398284,0.07649986330818358,0.036333333333333336,0.027666666666666666,0.009333333333333334,0.00577105869837476,0.015061166947588942,-0.01846014123620283,-0.025598004963035496,-0.011322277509370166,0.12230082590231553,0.11802218617070037,0.1265794656339307,0.003861364402703513,0.0007228220550969783,0.006999906750310047,0.0014797384590708416,-0.005002389456262862,0.007961866374404545
GBM01-N1-400-N2-025,400,25,16200,850,50,S08,screen,0.0,3000,2976,1500,1500,0.06666666666666667,0.05586607986397509,0.07937977158966131,0.035666666666666666,0.031,0.008,0.004762346616820028,0.013409097033616398,-0.005066075664952936,-0.01223230382449887,0.0021001524945929977,0.12119454075303816,0.11687546999768245,0.12551361150839388,0.00557396008197305,0.0024232634978419753,0.008724656666104124,0.0025023751466890305,-0.004158560167776697,0.00916331046115476
GBM01-N1-400-N2-025,400,25,16200,850,50,S09,screen,0.0,3000,2865,1500,1500,0.06866666666666667,0.057700827362282756,0.08153619708464456,0.037333333333333336,0.03133333333333333,0.045,0.03621411215939017,0.05579403186692806,-0.015061486544770492,-0.02241439244029468,-0.007708580649246301,0.12324935960390085,0.11884483408937643,0.12765388511842526,-0.08904923928482844,-0.09241412351487714,-0.08568435505477974,-0.0002556065776714673,-0.006945286818206885,0.006434073662863951
GBM01-N1-400-N2-040,400,40,17280,880,80,S01,screen,0.0,3000,2969,1500,1500,0.06266666666666666,0.05220568587476399,0.0750578195922906,0.03266666666666666,0.03,0.010333333333333333,0.006542037223830099,0.01628577491877905,-0.007476382184220373,-0.013058811426527376,-0.0018939529419133684,0.09417971702060833,0.09079442649237103,0.09756500754884563,-0.0029328891760029407,-0.006056752817571216,0.000190974465565335,0.003500813413823783,-0.0017689572625511417,0.008770584090198708
GBM01-N1-400-N2-040,400,40,17280,880,80,S02,screen,0.0,3000,2963,1500,1500,0.06166666666666667,0.05129257997229359,0.07397533899811556,0.03233333333333333,0.029333333333333333,0.012333333333333333,0.008114301233505893,0.01870468390239417,-0.00743856938249986,-0.012866326466086181,-0.002010812298913538,0.09140079757873125,0.08810364003876295,0.09469795511869955,-0.0013473860993627074,-0.004621903066464886,0.0019271308677394708,0.0014590420556804553,-0.0037656455494361313,0.0066837296607970414
GBM01-N1-400-N2-040,400,40,17280,880,80,S03,screen,0.0,3000,2958,1500,1500,0.06266666666666666,0.05220568587476399,0.0750578195922906,0.032,0.030666666666666665,0.014,0.009450007097834473,0.02069495553247468,-0.00803492783584926,-0.013389168911128645,-0.002680686760569875,0.09031034633181004,0.0870680520728096,0.09355264059081048,-0.00022158742441341853,-0.0035103076165217775,0.0030671327676949404,0.0011550473711967426,-0.0040850269838905474,0.006395121726284033
GBM01-N1-400-N2-040,400,40,17280,880,80,S04,screen,0.0,3000,2971,1500,1500,0.06233333333333333,0.05190122586079068,0.07469708410738211,0.03233333333333333,0.03,0.009666666666666667,0.006026789013377336,0.015470632131468182,-0.00944150270762667,-0.015457314335475567,-0.0034256910797777736,0.10180184708334987,0.09816356411980161,0.10544013004689813,-0.001983769895297584,-0.004960037506708601,0.000992497716113433,-0.00451508056040636,-0.009684095918949587,0.0006539347981368666
GBM01-N1-400-N2-040,400,40,17280,880,80,S05,screen,0.0,3000,2973,1500,1500,0.06733333333333333,0.05647733613436853,0.08009890631703151,0.039,0.028333333333333332,0.009,0.0055166755619983614,0.014650354585083519,-0.006846097414989506,-0.01245268251820654,-0.0012395123117724715,0.09568168633930459,0.09234998802307369,0.09901338465553548,0.0032776324414316,7.09843587950983e-05,0.006484280524068102,-0.0007777334664868975,-0.006202436210107942,0.004646969277134146
GBM01-N1-400-N2-040,400,40,17280,880,80,S06,screen,0.0,3000,2965,1500,1500,0.05466666666666667,0.04492528526158589,0.06637352823230508,0.03266666666666666,0.022,0.011666666666666667,0.007586161737740677,0.017902432400395754,-0.00218993574241096,-0.007743778870527684,0.003363907385705764,0.09382048244237837,0.09048101388518588,0.09715995099957085,0.006104134855120807,0.003057075966853532,0.009151193743388082,0.0022560676320290208,-0.002967193409194464,0.007479328673252505
GBM01-N1-400-N2-040,400,40,17280,880,80,S07,screen,0.0,3000,2968,1500,1500,0.061,0.05068430418606185,0.07325322378658364,0.025333333333333333,0.035666666666666666,0.010666666666666666,0.00680144026857975,0.01669156737291122,-0.008288698622091365,-0.013831342139071764,-0.002746055105110966,0.09399909633804447,0.09066509319511272,0.09733309948097622,0.003197458043036102,0.00015219031296622235,0.006242725773105981,-0.0016553142483553404,-0.006839825864694177,0.0035291973679834965
GBM01-N1-400-N2-040,400,40,17280,880,80,S08,screen,0.0,3000,2963,1500,1500,0.052333333333333336,0.04281318778150576,0.06382925722021249,0.027666666666666666,0.024666666666666667,0.012333333333333333,0.008114301233505893,0.01870468390239417,-0.0062169491366955544,-0.01183694264699468,-0.0005969556263964292,0.0942984695259863,0.0908703033365715,0.0977266357154011,0.005676357134272796,0.002795359012801005,0.008557355255744588,-0.0033872962581879234,-0.008489545058710827,0.0017149525423349808
GBM01-N1-400-N2-040,400,40,17280,880,80,S09,screen,0.0,3000,2868,1500,1500,0.058,0.04795179775338438,0.06999897072932477,0.029,0.029,0.044,0.0353193081596697,0.05469324937000307,-0.009971417877854223,-0.015639875062883085,-0.004302960692825361,0.09521039230915214,0.0918365261439333,0.09858425847437098,-0.07860646243956547,-0.0817436689152931,-0.07546925596383784,0.0018944699505508745,-0.003421190789744218,0.007210130690845967
GBM01-N1-400-N2-050,400,50,18000,900,100,S01,screen,0.0,3000,2969,1500,1500,0.06066666666666667,0.05038030683446497,0.07289202563929871,0.031,0.029666666666666668,0.010333333333333333,0.006542037223830099,0.01628577491877905,-0.005097395279815979,-0.01005069559369716,-0.00014409496593479829,0.08372661843342177,0.08073960558178744,0.0867136312850561,-0.0002476286926601791,-0.0032752309231408095,0.0027799735378204516,-0.0002771314936230007,-0.005000940458696267,0.0044466774714502656
GBM01-N1-400-N2-050,400,50,18000,900,100,S02,screen,0.0,3000,2959,1500,1500,0.056666666666666664,0.04673993662874993,0.06855004985843194,0.029666666666666668,0.027,0.013666666666666667,0.009181236074875046,0.020298531056552285,-0.0044597813216179834,-0.00948978488500371,0.0005702222417677425,0.08463314210423786,0.08158696248304448,0.08767932172543125,-0.001043008328601022,-0.004138214881335531,0.002052198224133487,-0.00023455253977710944,-0.004992019048358934,0.004522913968804716
GBM01-N1-400-N2-050,400,50,18000,900,100,S03,screen,0.0,3000,2969,1500,1500,0.050666666666666665,0.04130801732179694,0.062008450185512196,0.025666666666666667,0.025,0.010333333333333333,0.006542037223830099,0.01628577491877905,-0.0033675917845058636,-0.00812304943264365,0.0013878658636319223,0.08047039594423441,0.07761313669162964,0.08332765519683918,-0.00024786676996597326,-0.003358838176828177,0.0028631046368962306,-0.0017957370909510253,-0.00653703449790877,0.00294556031600672
GBM01-N1-400-N2-050,400,50,18000,900,100,S04,screen,0.0,3000,2965,1500,1500,0.06766666666666667,0.05678308743718284,0.08045835051309903,0.034,0.033666666666666664,0.011666666666666667,0.007586161737740677,0.017902432400395754,-0.008753588438821484,-0.014192718297933109,-0.0033144585797098584,0.09365236762414673,0.09047080341571377,0.0968339318325797,-0.0011679148904447337,-0.004089172022650053,0.001753342241760586,-0.002905437046456342,-0.007551894117002002,0.001741020024089318
GBM01-N1-400-N2-050,400,50,18000,900,100,S05,screen,0.0,3000,2960,1500,1500,0.052333333333333336,0.04281318778150576,0.06382925722021249,0.024666666666666667,0.027666666666666666,0.013333333333333334,0.008913251030863281,0.01990132060168224,-0.0014672999294895778,-0.006523309617821486,0.0035887097588423312,0.08506838504390288,0.08201199260146719,0.08812477748633857,0.005462787252484923,0.002381540595091374,0.008544033909878472,0.00043742157267275276,-0.004333108479659321,0.005207951625004826
GBM01-N1-400-N2-050,400,50,18000,900,100,S06,screen,0.0,3000,2964,1500,1500,0.057,0.04704274789608954,0.06891243408997415,0.033666666666666664,0.023333333333333334,0.012,0.007849758859317126,0.018304030777701114,-0.00627463470549851,-0.011205790119110723,-0.0013434792918862962,0.08377790344041915,0.08083040433772234,0.08672540254311595,0.0039971965945503965,0.0010695603234121649,0.006924832865688628,-0.0016929020252707185,-0.0063983873987937204,0.003012583348252284
GBM01-N1-400-N2-050,400,50,18000,900,100,S07,screen,0.0,3000,2967,1500,1500,0.06066666666666667,0.05038030683446497,0.07289202563929871,0.029666666666666668,0.031,0.011,0.007061959784684468,0.017096243355688316,-0.003662974174299998,-0.008666178290751348,0.0013402299421513522,0.08409460875502578,0.08105448924370527,0.08713472826634629,0.003927678216487842,0.0010087659583831589,0.006846590474592525,-0.002496704090168773,-0.007204817351922403,0.002211409171584857
GBM01-N1-400-N2-050,400,50,18000,900,100,S08,screen,0.0,3000,2974,1500,1500,0.069,0.058006900866526476,0.08189531907928267,0.03333333333333333,0.035666666666666666,0.008666666666666666,0.005263710049998545,0.014238124598201514,-0.004890899338870199,-0.009828286168629942,4.648749088954473e-05,0.08300921758682861,0.08000032153435188,0.08601811363930534,0.0068350648109944834,0.004072551597414906,0.00959757802457406,0.001332537507486523,-0.003397369958038226,0.006062444973011272
GBM01-N1-400-N2-050,400,50,18000,900,100,S09,screen,0.0,3000,2842,1500,1500,0.053,0.04341607770700619,0.06455675829247567,0.029333333333333333,0.023666666666666666,0.05266666666666667,0.043114575095298605,0.06419306540530144,-0.0005585654997408274,-0.0058166018633605465,0.004699470863878892,0.08644481453440853,0.08325172022749654,0.08963790884132052,-0.07163608665197414,-0.07457702739691732,-0.06869514590703096,0.0006051860672119205,-0.004302017355562111,0.005512389489985952
GBM01-N1-400-N2-075,400,75,19800,950,150,S01,screen,0.0,3000,2968,1500,1500,0.06066666666666667,0.05038030683446497,0.07289202563929871,0.03266666666666666,0.028,0.010666666666666666,0.00680144026857975,0.01669156737291122,-0.0009237675139103772,-0.00500550144963543,0.0031579664218146764,0.06865854962883353,0.06618450911424707,0.07113259014341998,-0.0013675251464966695,-0.004210158918484537,0.0014751086254911976,-0.0019010075299749018,-0.005802912690451734,0.0020008976305019312
GBM01-N1-400-N2-075,400,75,19800,950,150,S02,screen,0.0,3000,2969,1500,1500,0.056,0.04613462719335834,0.06782496829605988,0.029666666666666668,0.026333333333333334,0.010333333333333333,0.006542037223830099,0.01628577491877905,-0.0055439342874830716,-0.00947634925704759,-0.0016115193179185522,0.06677941436899514,0.06442070575739617,0.0691381229805941,0.0018424770395750968,-0.0009131811309805373,0.004598135210130731,0.0005684329200583785,-0.0032938511046340345,0.004430716944750792
GBM01-N1-400-N2-075,400,75,19800,950,150,S03,screen,0.0,3000,2960,1500,1500,0.052,0.04251191679605569,0.06346533270678072,0.021666666666666667,0.030333333333333334,0.013333333333333334,0.008913251030863281,0.01990132060168224,-0.003122479259663028,-0.00705740832450091,0.0008124498051748537,0.06648753410263478,0.06412251020708873,0.06885255799818082,-5.8472311184053235e-05,-0.0029076085606400473,0.0027906639382719407,0.0009214472104984021,-0.0028609469535594836,0.004703841374556287
GBM01-N1-400-N2-075,400,75,19800,950,150,S04,screen,0.0,3000,2967,1500,1500,0.06133333333333333,0.05098839546809815,0.07361432800342917,0.033,0.028333333333333332,0.011,0.007061959784684468,0.017096243355688316,-0.003077675924667456,-0.007471903702520067,0.001316551853185154,0.074497227428779,0.07186748856394773,0.07712696629361027,0.0005631561183724806,-0.0021138242547888812,0.0032401364915338425,-0.001205049405125336,-0.004966552882310356,0.0025564540720596834
GBM01-N1-400-N2-075,400,75,19800,950,150,S05,screen,0.0,3000,2967,1500,1500,0.05566666666666667,0.045832130759024564,0.06746226923151186,0.028,0.027666666666666666,0.011,0.007061959784684468,0.017096243355688316,-0.0029518394312562065,-0.00704379798187152,0.001140119119359107,0.0697162729686645,0.06728912065168739,0.07214342528564162,0.0026745538233608696,-0.00012141468934913878,0.005470522336070878,-0.001238598542450458,-0.005017844306254238,0.002540647221353321
GBM01-N1-400-N2-075,400,75,19800,950,150,S06,screen,0.0,3000,2963,1500,1500,0.06166666666666667,0.05129257997229359,0.07397533899811556,0.034333333333333334,0.027333333333333334,0.012333333333333333,0.008114301233505893,0.01870468390239417,-0.0017259859633514426,-0.005822808449172875,0.002370836522469989,0.06899852110940918,0.06652336091543802,0.07147368130338035,0.004961181458793209,0.0022630572344016974,0.007659305683184721,0.0007845351787055,-0.003114589193351405,0.004683659550762405
GBM01-N1-400-N2-075,400,75,19800,950,150,S07,screen,0.0,3000,2963,1500,1500,0.05633333333333333,0.04643722944098404,0.068187561547316,0.025666666666666667,0.030666666666666665,0.012333333333333333,0.008114301233505893,0.01870468390239417,-0.004527349779376688,-0.008639792325440855,-0.00041490723331252116,0.06933733506669155,0.06684958548226953,0.07182508465111358,0.0017898274373739293,-0.0008842637835041443,0.004463918658252003,0.00242780758780796,-0.0014121259012515389,0.006267741076867459
GBM01-N1-400-N2-075,400,75,19800,950,150,S08,screen,0.0,3000,2972,1500,1500,0.059333333333333335,0.04916527123664498,0.07144627924159143,0.03233333333333333,0.027,0.009333333333333334,0.00577105869837476,0.015061166947588942,-0.005608307336348717,-0.009728545547233541,-0.0014880691254638926,0.06974300847706968,0.06725623792567709,0.07222977902846228,0.004798309886060311,0.0021676038454047316,0.00742901592671589,0.00046293187040128087,-0.003332659359807619,0.004258523100610181
GBM01-N1-400-N2-075,400,75,19800,950,150,S09,screen,0.0,3000,2776,1500,1500,0.05566666666666667,0.045832130759024564,0.06746226923151186,0.027666666666666666,0.028,0.07466666666666667,0.06322186000493446,0.08798868342186558,-0.00537837137246247,-0.009574038282250515,-0.0011827044626744236,0.06886201743762303,0.06634508776346056,0.07137894711178551,-0.05853338499746534,-0.061316841465833084,-0.055749928529097596,0.0019467223565498512,-0.001956105237151144,0.005849549950250847
GBM01-N1-400-N2-100,400,100,21600,1000,200,S01,screen,0.0,3000,2970,1500,1500,0.055,0.04522745888733454,0.06673655010543823,0.03233333333333333,0.02266666666666667,0.01,0.006283801751578197,0.015878814892149137,-0.0002892509496350595,-0.003709817076681829,0.0031313151774117103,0.05797023290647749,0.055923146839684114,0.06001731897327086,-0.002043157312197468,-0.004581009872032652,0.0004946952476377166,0.0005719913937602252,-0.0027737874376125805,0.00391777022513303
GBM01-N1-400-N2-100,400,100,21600,1000,200,S02,screen,0.0,3000,2970,1500,1500,0.060333333333333336,0.05007640413115069,0.07253073284373118,0.03266666666666666,0.027666666666666666,0.01,0.006283801751578197,0.015878814892149137,-0.004854757653773648,-0.008343920160027548,-0.0013655951475197497,0.05908091510236797,0.056976990847213166,0.06118483935752278,-0.0002086906738340005,-0.0027954943234829647,0.002378112975814964,1.8785612620004883e-05,-0.0032919280120032157,0.0033294992372432256
GBM01-N1-400-N2-100,400,100,21600,1000,200,S03,screen,0.0,3000,2960,1500,1500,0.052,0.04251191679605569,0.06346533270678072,0.025666666666666667,0.026333333333333334,0.013333333333333334,0.008913251030863281,0.01990132060168224,-0.0011809003234501793,-0.0045669609564581385,0.00220516030955778,0.05730818296363754,0.0552822544992612,0.059334111428013876,-0.0017777251625698803,-0.004408755827758207,0.0008533055026184464,0.0011436612740264847,-0.00216300200294772,0.004450324551000689
GBM01-N1-400-N2-100,400,100,21600,1000,200,S04,screen,0.0,3000,2972,1500,1500,0.06766666666666667,0.05678308743718284,0.08045835051309903,0.039,0.028666666666666667,0.009333333333333334,0.00577105869837476,0.015061166947588942,0.00043077080634508513,-0.0034501963738666035,0.004311737986556773,0.06515209062774788,0.06278930418181047,0.06751487707368528,-0.00033747258127324065,-0.0028116535595254337,0.0021367083969789525,-0.0013662309387675235,-0.004707416288417424,0.001974954410882377
GBM01-N1-400-N2-100,400,100,21600,1000,200,S05,screen,0.0,3000,2981,1500,1500,0.06266666666666666,0.05220568587476399,0.0750578195922906,0.03333333333333333,0.029333333333333333,0.006333333333333333,0.0035401604131368243,0.011305305742890511,-0.005003012204260672,-0.008528400771514481,-0.0014776236370068626,0.060028683244082955,0.057916547629522495,0.062140818858643414,0.0016941905219635726,-0.0008611629274392885,0.004249543971366433,0.0011378768527940657,-0.002140366182535047,0.004416119888123179
GBM01-N1-400-N2-100,400,100,21600,1000,200,S06,screen,0.0,3000,2970,1500,1500,0.05533333333333333,0.04552974102397992,0.06709946346767467,0.029666666666666668,0.025666666666666667,0.01,0.006283801751578197,0.015878814892149137,-0.0014074523529044793,-0.005032629654061758,0.0022177249482528,0.06149636432941045,0.059329557828891544,0.06366317082992935,0.004485471078934031,0.0020707089649677633,0.006900233192900299,8.980464015244324e-05,-0.0032677682407746874,0.003447377521079574
GBM01-N1-400-N2-100,400,100,21600,1000,200,S07,screen,0.0,3000,2968,1500,1500,0.06,0.0497725968037077,0.07216934467229234,0.031,0.029,0.010666666666666666,0.00680144026857975,0.01669156737291122,-0.001372079140721877,-0.004935394978751744,0.00219123669730799,0.06034991924835506,0.05821524709546736,0.06248459140124276,0.0032565546999162804,0.0007418189866069619,0.005771290413225599,-7.998287353048739e-05,-0.003423483816682132,0.0032635180696211573
GBM01-N1-400-N2-100,400,100,21600,1000,200,S08,screen,0.0,3000,2980,1500,1500,0.062,0.05159685699975265,0.0743362574695383,0.03166666666666667,0.030333333333333334,0.006666666666666667,0.003780561695650054,0.0117300999592591,-0.0014745479467984646,-0.005097726902008171,0.002148631008411242,0.0614565922939096,0.059283980417478295,0.06362920417034092,0.004092149874162052,0.0017100357654349567,0.006474263982889148,0.0009795623671433966,-0.00235492642378835,0.004314051158075143
GBM01-N1-400-N2-100,400,100,21600,1000,200,S09,screen,0.0,3000,2770,1500,1500,0.05333333333333334,0.04371769460207437,0.06492033689628932,0.033,0.02033333333333333,0.07666666666666666,0.06506745431774417,0.09013426210234678,-0.0017079034258774557,-0.005363207753610405,0.0019474009018554939,0.059372458368472464,0.05715397871830944,0.06159093801863549,-0.05208207111833182,-0.05471137179020312,-0.049452770446460514,0.0006245315966191842,-0.0028242643082248813,0.00407332750146325
GBM01-N1-400-N2-150,400,150,25200,1100,300,S01,screen,0.0,3000,2968,1500,1500,0.057666666666666665,0.047648679288635046,0.06963689369519227,0.03233333333333333,0.025333333333333333,0.010666666666666666,0.00680144026857975,0.01669156737291122,-0.002385218180716551,-0.005286267030592897,0.000515830669159795,0.04903448006925731,0.04728746605946236,0.050781494079052254,-0.002275159694760933,-0.004559268672127305,8.9492826054389e-06,-0.00137575542868531,-0.004104451621355306,0.001352940763984686
GBM01-N1-400-N2-150,400,150,25200,1100,300,S02,screen,0.0,3000,2966,1500,1500,0.051333333333333335,0.041909728013384454,0.06273713049168833,0.024666666666666667,0.02666666666666667,0.011333333333333334,0.007323548324461517,0.01749985031479309,-0.0031790411088073386,-0.005983707182429134,-0.0003743750351855434,0.0472799818870309,0.045581002088967856,0.04897896168509394,-0.000644169969482139,-0.002867402002142851,0.0015790620631785726,-0.0014523967615106678,-0.004207962618392543,0.0013031690953712077
GBM01-N1-400-N2-150,400,150,25200,1100,300,S03,screen,0.0,3000,2971,1500,1500,0.051,0.041608812359602614,0.06237285064658834,0.02666666666666667,0.024333333333333332,0.009666666666666667,0.006026789013377336,0.015470632131468182,-0.0013292715435771585,-0.004068785797948735,0.0014102427107944176,0.04616718269306013,0.044509660934151714,0.04782470445196855,-0.00031834308632246487,-0.0025886144852459037,0.001951928312600974,0.0006005746024398571,-0.0020937078015822374,0.0032948570064619516
GBM01-N1-400-N2-150,400,150,25200,1100,300,S04,screen,0.0,3000,2970,1500,1500,0.056,0.04613462719335834,0.06782496829605988,0.025666666666666667,0.030333333333333334,0.01,0.006283801751578197,0.015878814892149137,-0.0008363767219722522,-0.004026586434734315,0.002353832990789811,0.05336565140632012,0.05141251393575036,0.05531878887688989,0.0005227966951475085,-0.0016459898623578206,0.0026915832526528374,-0.0030016983036561477,-0.005666070332973533,-0.000337326274338762
GBM01-N1-400-N2-150,400,150,25200,1100,300,S05,screen,0.0,3000,2972,1500,1500,0.055,0.04522745888733454,0.06673655010543823,0.03133333333333333,0.023666666666666666,0.009333333333333334,0.00577105869837476,0.015061166947588942,-0.002877638262644518,-0.005758372546578669,3.0960212896325584e-06,0.0489267979070186,0.04720308958462499,0.05065050622941221,0.00265937858545227,0.00035903845571712235,0.004959718715187418,0.0015938446285171867,-0.0011831590057071965,0.00437084826274157
GBM01-N1-400-N2-150,400,150,25200,1100,300,S06,screen,0.0,3000,2968,1500,1500,0.057666666666666665,0.047648679288635046,0.06963689369519227,0.028666666666666667,0.029,0.010666666666666666,0.00680144026857975,0.01669156737291122,-0.0025685154954229843,-0.005470647710938814,0.0003336167200928457,0.04897526065254326,0.04722216205580718,0.05072835924927934,0.0037988898987804894,0.0016056453712280589,0.00599213442633292,-0.00015885043489936965,-0.0028024071262651605,0.0024847062564664207
GBM01-N1-400-N2-150,400,150,25200,1100,300,S07,screen,0.0,3000,2969,1500,1500,0.058,0.04795179775338438,0.06999897072932477,0.027,0.031,0.010333333333333333,0.006542037223830099,0.01628577491877905,-0.0014796971878584396,-0.0044065300661002265,0.0014471356903833473,0.049774480255409294,0.04803297148805251,0.05151598902276608,0.003231225154004556,0.0010486814204046816,0.00541376888760443,-0.00020426734458297609,-0.00296521010766879,0.002556675418502838
GBM01-N1-400-N2-150,400,150,25200,1100,300,S08,screen,0.0,3000,2963,1500,1500,0.05633333333333333,0.04643722944098404,0.068187561547316,0.02666666666666667,0.029666666666666668,0.012333333333333333,0.008114301233505893,0.01870468390239417,9.705024851570395e-05,-0.002822805974944836,0.0030169064719762443,0.04919612374802736,0.047434252965792664,0.05095799453026205,0.003290660462672508,0.0010849322192645482,0.005496388706080468,0.0003421768768398278,-0.002383367974530411,0.0030677217282100667
GBM01-N1-400-N2-150,400,150,25200,1100,300,S09,screen,0.0,3000,2739,1500,1500,0.049666666666666665,0.04040636714812104,0.06091451386254264,0.022333333333333334,0.027333333333333334,0.087,0.07464055119064221,0.10118222569478509,-0.0014950591520913287,-0.004480477042842925,0.0014903587386602673,0.0488662830855771,0.04709665274249948,0.050635913428654714,-0.04015764473334464,-0.042469515121591715,-0.03784577434509757,0.0022113811541599085,-0.0005582527536452889,0.004981015061965106
GBM01-N1-400-N2-200,400,200,28800,1200,400,S01,screen,0.0,3000,2971,1500,1500,0.056666666666666664,0.04673993662874993,0.06855004985843194,0.025,0.03166666666666667,0.009666666666666667,0.006026789013377336,0.015470632131468182,-0.0010529816025938476,-0.003504941304972059,0.0013989780997843637,0.04168579890152233,0.04022545739525097,0.043146140407793694,0.000498852857295149,-0.00154574074137705,0.002543446455967348,-4.545727061456424e-05,-0.002388884624048277,0.0022979700828191485
GBM01-N1-400-N2-200,400,200,28800,1200,400,S02,screen,0.0,3000,2963,1500,1500,0.056666666666666664,0.04673993662874993,0.06855004985843194,0.029,0.027666666666666666,0.012333333333333333,0.008114301233505893,0.01870468390239417,-0.0020935506906410084,-0.004549171703909023,0.00036207032262700663,0.04152239399037592,0.04004663041637465,0.042998157564377186,-0.000608781388271367,-0.0026307882452024766,0.0014132254686597427,-0.0002557819891732226,-0.0026229421216517426,0.0021113781433052974
GBM01-N1-400-N2-200,400,200,28800,1200,400,S03,screen,0.0,3000,2969,1500,1500,0.05,0.040706793573359636,0.061279282936185876,0.023666666666666666,0.026333333333333334,0.010333333333333333,0.006542037223830099,0.01628577491877905,-0.0002743046229069867,-0.002684957946063331,0.0021363487002493574,0.04077101823090953,0.0393234556034969,0.042218580858322155,-0.00044124073597653094,-0.0025235022757864934,0.0016410208038334317,0.0026026911473429437,0.0002665195629366324,0.004938862731749255
GBM01-N1-400-N2-200,400,200,28800,1200,400,S04,screen,0.0,3000,2974,1500,1500,0.06733333333333333,0.05647733613436853,0.08009890631703151,0.036333333333333336,0.031,0.008666666666666666,0.005263710049998545,0.014238124598201514,-0.0033246283083904616,-0.006076284734717727,-0.0005729718820631966,0.04661238459482603,0.044954857667008935,0.04826991152264312,-0.000624853715687103,-0.002582786853826526,0.0013330794224523203,-0.0021073818470236294,-0.004505069596407723,0.0002903059023604644
GBM01-N1-400-N2-200,400,200,28800,1200,400,S05,screen,0.0,3000,2971,1500,1500,0.04666666666666667,0.03770830990906398,0.05762581161166335,0.023333333333333334,0.023333333333333334,0.009666666666666667,0.006026789013377336,0.015470632131468182,-0.001865528722589519,-0.004337987041381811,0.0006069295962027733,0.04188260142631934,0.04039865472388011,0.04336654812875857,0.002150086211149943,0.00010488844515357549,0.00419528397714631,-0.0007729371566345291,-0.0031060115126113758,0.0015601371993423175
GBM01-N1-400-N2-200,400,200,28800,1200,400,S06,screen,0.0,3000,2960,1500,1500,0.061,0.05068430418606185,0.07325322378658364,0.029666666666666668,0.03133333333333333,0.013333333333333334,0.008913251030863281,0.01990132060168224,-0.00042698672554643995,-0.002947373508275146,0.002093400057182266,0.042569785432333265,0.04105673071579345,0.04408284014887308,0.0032245027581497237,0.001201756432020043,0.0052472490842794045,0.0010546125439941652,-0.0013422021214965188,0.003451427209484849
GBM01-N1-400-N2-200,400,200,28800,1200,400,S07,screen,0.0,3000,2975,1500,1500,0.06666666666666667,0.05586607986397509,0.07937977158966131,0.04033333333333333,0.026333333333333334,0.008333333333333333,0.005012239024984865,0.01382440012433338,-0.0014068977791411072,-0.003914249032859007,0.0011004534745767925,0.042262816069776436,0.04074413446606957,0.0437814976734833,0.0009998698533366822,-0.0009931028264486275,0.0029928425331219918,0.00010847683898620803,-0.0022284062140764806,0.0024453598920488964
GBM01-N1-400-N2-200,400,200,28800,1200,400,S08,screen,0.0,3000,2967,1500,1500,0.047,0.03800756505983372,0.05799175195977541,0.024,0.023,0.011,0.007061959784684468,0.017096243355688316,-8.264627920279965e-05,-0.0026610655683298066,0.002495773009924207,0.04360555503469111,0.0420580540735267,0.045153055995855514,0.002767117354370669,0.0008242388939218609,0.004709995814819477,-0.00047385227168198683,-0.0028607285742158813,0.0019130240308519078
GBM01-N1-400-N2-200,400,200,28800,1200,400,S09,screen,0.0,3000,2702,1500,1500,0.05533333333333333,0.04552974102397992,0.06709946346767467,0.030333333333333334,0.025,0.09933333333333333,0.08613874472273741,0.11429626562131714,-0.0014949310100262853,-0.0041290016822531595,0.0011391396622005888,0.04249525889539195,0.040911646474818195,0.044078871315965704,-0.03444882371086528,-0.03653108062157642,-0.03236656680015414,0.0014831249484663,-0.0009992791992177045,0.0039655290961503045
